,predictions
AcetonemlongNapA,#66c2a5
AchromarsenAioA,#66c2a5
AchromarsenFdhNAD,#66c2a5
AchromarsenNapA,#66c2a5
AchromarsenTtrA,#66c2a5
Achromdenit1FdhNAD,#66c2a5
Achromdenit1NapA,#66c2a5
AchromdenitTtrA,#66c2a5
AchrominsoliFdhNAD,#66c2a5
AchrominsoliNapA,#66c2a5
AchrommarpFdhNAD,#66c2a5
AchrommarpNapA,#66c2a5
AchrommarpTtrA,#66c2a5
AchromxyloTtrA,#66c2a5
AcidicryptPsrA,#66c2a5
AcidimultiAioA,#66c2a5
AcidimultiPsrA,#66c2a5
AcidocaenTtrA,#66c2a5
AcidodefluvTtrA,#66c2a5
AcidulibooneiFdhNAD,#66c2a5
AcinetoschinNasA,#66c2a5
ActibacpelagiNasA,#66c2a5
ActinobacsuccinoFdhN,#66c2a5
ActinobacsuccinoFdhNAD,#66c2a5
ActinomadechinoNasC,#66c2a5
ActinomadmacraNasC,#66c2a5
ActinophytoryzaFdhNAD,#66c2a5
ActinophytxinjianArrA,#66c2a5
ActinoplanatraurNasC,#66c2a5
ActinoplanbrasilFdhN,#66c2a5
ActinoplanbrasilNasC,#66c2a5
ActinoplanitaliFdhNAD,#66c2a5
ActinopolyalbaNasC,#66c2a5
AdlerequoNapA,#66c2a5
AdlerequoPsrA,#66c2a5
AeromondhakenFdhH,#66c2a5
AeromondhakenNapA,#66c2a5
Aeromonhydro1FdhH,#66c2a5
AeromonhydroArrA,#66c2a5
AeromonhydroNapA,#66c2a5
AeromonsalmoniNapA,#66c2a5
AeromonveronNapA,#66c2a5
AeropycamiAioA,#fc8d62
AeropycamiTtrA,#66c2a5
AfipiabroomeFdhN,#66c2a5
AgarialbusNapA,#66c2a5
Aggregatiaphrophil1NapA,#66c2a5
AggregatiaphrophilFdhH,#66c2a5
AgitococlubriNasC,#66c2a5
AgrobacalbertiAioA,#66c2a5
AgrobactumeAioA,#66c2a5
AlbidoinexpecAioA,#66c2a5
AlbidoinexpecFdhNAD,#66c2a5
Alcalfaec1AioA,#66c2a5
Alcalfaec1FdhNAD,#66c2a5
AlcalfaecTtrA,#66c2a5
AlgorialkaliNasC,#66c2a5
AlgorimannitolNasC,#66c2a5
AliiarcofaeciNapA,#66c2a5
AliivilogeTtrA,#66c2a5
AliiviwodanTtrA,#66c2a5
AlkaliehrliArrA,#66c2a5
AlkaliehrliNasA,#66c2a5
AlkaliehrliPsrA,#66c2a5
AlkaliphilmetalArrA,#66c2a5
AlkaliphiloremArrA,#66c2a5
AlkalispirmobileArrA,#66c2a5
AlkalispiroodontoArrA,#66c2a5
AlliiroseosediminiFdhNAD,#66c2a5
AllosalinalopnoreFdhNAD,#66c2a5
AltererythroepoxiFdhNAD,#66c2a5
AlysielcrassaFdhN,#66c2a5
AmantiursilaNasA,#66c2a5
AminiphilcircumFdhNAD,#66c2a5
AminivibpyruvatFdhNAD,#66c2a5
AminoaminovorAioA,#66c2a5
AminoaminovorNapA,#66c2a5
AmorphcoralAioA,#66c2a5
AmphriatlanAioA,#66c2a5
AmphriatlanFdhNAD,#66c2a5
AmycolamediterrNasC,#66c2a5
AmycolanigreFdhNAD,#66c2a5
AmycolataiwanFdhNAD,#66c2a5
AnabaencylindriNasC,#66c2a5
AnabaenopcirculaNasC,#66c2a5
AnaerobacalkaliArrA,#66c2a5
AnaerobacarsenArrA,#66c2a5
AnaerobacarsenFdhN,#66c2a5
AnaerobacarsenTtrA,#66c2a5
AnaerobrancalifArrA,#66c2a5
AnaerobrancalifFdhNAD,#66c2a5
AnaerobrangottsFdhNAD,#66c2a5
AnaerolinthermoFdhNAD,#66c2a5
AnaeromyxdehalNapA,#66c2a5
AnaeromyxdehalTtrA,#66c2a5
AnaerosporhongkongFdhH,#66c2a5
AnaerosporhongkongNapA,#66c2a5
AnaerovirgmultiArrA,#66c2a5
AncylobacaquaFdhNAD,#66c2a5
AncylobacrudonFdhNAD,#66c2a5
AndrechitiniNasA,#66c2a5
AneurinibacaneuriNasC,#66c2a5
AneurinibacterrTtrA,#66c2a5
AneurinibactyrosiniNasC,#66c2a5
AnoxybacflaviNasC,#66c2a5
Antarctohelio1NasA,#66c2a5
AntarctohelioAioA,#66c2a5
AphanizoflosNasC,#66c2a5
ApibacadvenNasC,#66c2a5
AquifexaeoliFdhN,#66c2a5
AquimaratlanNapA,#66c2a5
AquimarlaterNapA,#66c2a5
AquimarmacroFdhNAD,#66c2a5
AquimarmegaFdhNAD,#66c2a5
AquimarmegaNapA,#66c2a5
Aquitalmagnuso1NasA,#66c2a5
AquitalmagnusoFdhN,#66c2a5
ArabmassilNapA,#66c2a5
ArabmassilTtrA,#66c2a5
Archaefulg1TtrA,#66c2a5
ArchaefulgFwdB,#66c2a5
ArchaefulgPsrA,#66c2a5
ArchaevenefiFdhN,#66c2a5
ArchaevenefiFwdB,#66c2a5
ArchangephyNapA,#66c2a5
ArcoanaeroNapA,#66c2a5
ArcocryaeroNapA,#66c2a5
ArcoebronNapA,#66c2a5
ArconitroFdhH,#66c2a5
ArconitroTtrA,#66c2a5
ArcotrophiNapA,#66c2a5
ArdentmariFdhH,#66c2a5
ArdentmariNapA,#66c2a5
ArdentmariTtrA,#66c2a5
ArenialgicoNapA,#66c2a5
ArenilateriNapA,#66c2a5
ArenitalluteaNapA,#66c2a5
ArhodoaquaFdhNAD,#66c2a5
ArhodoaquaTtrA,#66c2a5
AromaromaTtrA,#66c2a5
ArthroplatenNasC,#66c2a5
AsacchcelaNapA,#66c2a5
AsacchcelaPsrA,#66c2a5
AsanoaferruFdhN,#66c2a5
AtlantibachermTtrA,#66c2a5
Azoacomm1NapA,#66c2a5
AzoacommTtrA,#66c2a5
AzoatoluArrA,#66c2a5
AzoatoluclasNapA,#66c2a5
AzohydrolataFdhNAD,#66c2a5
AzonexfungiFdhN,#66c2a5
AzonexhydrophilNasA,#66c2a5
AzorhizocauliFdhN,#66c2a5
AzorhizodoebereFdhN,#66c2a5
AzospirbrasFdhN,#66c2a5
AzospirbrasNapA,#66c2a5
AzospirbrasTtrA,#66c2a5
AzospirhaloAioA,#66c2a5
AzospirhaloTtrA,#66c2a5
AzospirhumiciNapA,#66c2a5
Azospirlipo1FdhH,#66c2a5
AzospirlipoAioA,#66c2a5
AzospirlipoNapA,#66c2a5
AzospirlipoTtrA,#66c2a5
Azospirthio1FdhH,#66c2a5
Azospirthio1NapA,#66c2a5
AzospirthioTtrA,#66c2a5
AzosporyzAioA,#66c2a5
AzosporyzFdhN,#66c2a5
AzosporyzTtrA,#66c2a5
AzotobacvineNasA,#66c2a5
AzovibrestriNapA,#66c2a5
BacilbeveFdhN,#66c2a5
BacilbevePsrA,#66c2a5
BacilbeveTtrA,#66c2a5
BacilcereusNasC,#66c2a5
BacilgibsonNasC,#66c2a5
BacilglyciniNasC,#66c2a5
BacilintestiNasC,#66c2a5
BacilmediterFdhN,#66c2a5
BacilmethanolNasC,#66c2a5
BacilniacinFdhN,#66c2a5
BacilnovalFdhN,#66c2a5
BaciloryziAioA,#66c2a5
BaciloryziArrA,#66c2a5
BaciloryziFdhN,#66c2a5
BacilpersPsrA,#66c2a5
BacilselenaArrA,#66c2a5
BacilselenaPsr2,#66c2a5
BacilselenaPsrA1,#66c2a5
BacilselenaTtrA1,#66c2a5
BacilselenaTtrA2,#66c2a5
BacilseleniArrA,#66c2a5
BacilseleniFdhN,#66c2a5
BacilseleniPsrA,#66c2a5
BacilseleniTtrA,#66c2a5
BacilsubtPsrA,#66c2a5
BacilsubtTtrA,#66c2a5
BacilsubtilNasC,#66c2a5
BalnelithoNapA,#66c2a5
BasfiasucciniFdhNAD,#66c2a5
BauldlitoralFdhNAD,#66c2a5
BeggiaalbaFdhNAD,#66c2a5
BeggiaalbaNasA,#66c2a5
BeggialeptoNasA,#66c2a5
BibertrehaNapA,#66c2a5
BilowadswoNapA,#66c2a5
BlastococcaggreFdhN,#66c2a5
BlautiaschinFdhH,#66c2a5
BordebronchNapA,#66c2a5
BordebronchTtrA,#66c2a5
BordebronchialiFdhNAD,#66c2a5
BordehinziiFdhNAD,#66c2a5
BordeparaNapA,#66c2a5
BordeparaTtrA,#66c2a5
BosealathyNapA,#66c2a5
BoseathiooxiFdhN,#66c2a5
BoseathiooxiNapA,#66c2a5
BrachydenitrTtrA,#66c2a5
BradymonsedimiNapA,#66c2a5
BradyrhizocanariFdhN,#66c2a5
BradyrhizoerythroFdhNAD,#66c2a5
BreogcorruFdhH,#66c2a5
BreogcorruTtrA,#66c2a5
BrocadsapporFdhNAD,#66c2a5
BrocadsinicaFdhNAD,#66c2a5
BrocklithPsrA,#66c2a5
BudvicaquaFdhN,#66c2a5
BurkbonniNapA,#66c2a5
BurkinsectNasA,#66c2a5
BurkinsectiNapA,#66c2a5
BurkmultiAioA,#66c2a5
BurknovacalNasA,#66c2a5
BurkoklaAioA,#66c2a5
BurkplantariFdhN,#66c2a5
BurkpseudoAioA,#66c2a5
BurkvietAioA,#66c2a5
ButtiaferrTtrA,#66c2a5
ButtiagaviTtrA,#66c2a5
CabalfortuitFdhN,#66c2a5
CabalgrimmiFdhN,#66c2a5
CabalhumiNasA,#66c2a5
CabalhypogeNapA,#66c2a5
CabaljiangAioA,#66c2a5
CabaljiangFdhN,#66c2a5
CabalperedAioA,#66c2a5
CabaltelluriFdhNAD,#66c2a5
CabaltelluriNapA,#66c2a5
CabalturbanNapA,#66c2a5
CabalturbanNasA,#66c2a5
CaenispbisaTtrA,#66c2a5
CaenispsaliTtrA,#66c2a5
CaldanaeroviracetiFdhH,#66c2a5
CalderimariFdhNAD,#66c2a5
CalderimariTtrA,#66c2a5
CaldiarchsubtFdhN,#66c2a5
CaldiarchsubtTtrA,#66c2a5
CaldilinaeroFdhH,#66c2a5
CaldilinaeroTtrA,#66c2a5
CaldimicrothioNapA,#66c2a5
CaldinitroNapA,#66c2a5
CaldinitroPsrA,#66c2a5
CaldinitroTtrA,#66c2a5
CaloramproteoFdhNAD,#66c2a5
CaloranaerobacferriFdhNAD,#66c2a5
CalothrixbrevissiNasC,#66c2a5
CalothrixrhizosolNasC,#66c2a5
CaminibacmediatlanFdhH,#66c2a5
CaminibacmediatlanNapA,#66c2a5
CampyconcFdhH,#66c2a5
CampyconcNapA,#66c2a5
CampyconcPsrA,#66c2a5
CampyconcTtrA,#66c2a5
CampycurvNapA,#66c2a5
CampycurvPsrA,#66c2a5
CampygeoTtrA1,#66c2a5
CampygeoTtrA2,#66c2a5
CampyhelvNapA,#66c2a5
CampyhelvPsrA,#66c2a5
CampyshowTtrA,#66c2a5
CampysubantPsrA,#66c2a5
CarbferrFdhN,#66c2a5
CarbferrFdhNAD,#66c2a5
CarbferrPsrA,#66c2a5
CarbferrTtrA,#66c2a5
CarbhydrFdhN,#66c2a5
CarbhydrFdhNAD,#66c2a5
CarbhydrPsrA,#66c2a5
CarbhydrTtrA,#66c2a5
CarboxydocelsporoTtrA,#66c2a5
CarboxydocelthermautNapA,#66c2a5
CatenovulagariNasA,#66c2a5
CaulobacsegnisAioA,#66c2a5
CavvibacpharyngoFdhNAD,#66c2a5
CelereinatadiazotrophFdhH,#66c2a5
Celeribacethan1NasA,#66c2a5
CeleribacethanTtrA,#66c2a5
CeleribacpersiNasA,#66c2a5
CelluloalgicoNapA,#66c2a5
CellulobaltiNapA,#66c2a5
CetiapacifiNapA,#66c2a5
CetobacsomerFdhNAD,#66c2a5
ChelatodaegAioA,#66c2a5
ChitinigtaiwanNasA,#66c2a5
ChlorobchlorPsrA,#66c2a5
ChloroblimniAioA,#66c2a5
ChloroblimniPsrA,#66c2a5
ChlorobphaeAioA,#66c2a5
ChlorobphaePsrA,#66c2a5
ChloroflexaggreAioA,#66c2a5
ChloroflexaggreTtrA,#66c2a5
ChloroflexauraAioA,#66c2a5
ChloroflexauraTtrA,#66c2a5
ChromobachaemoFdhN,#66c2a5
ChromobacpisciFdhH,#66c2a5
ChromobacpisciFdhN,#66c2a5
ChromobacviolaFdhN,#66c2a5
ChrysosporovalisporNasC,#66c2a5
ChyrsioarsenArrA,#66c2a5
ChyrsioarsenNapA,#66c2a5
CiceribacliviAioA,#66c2a5
CitroamalonPsrA,#66c2a5
CitroamalonTtrA,#66c2a5
CitrobraakPsrA,#66c2a5
CitrobraakTtrA,#66c2a5
Citrofreund1FdhH,#66c2a5
Citrofreund1NapA,#66c2a5
Citrofreund1TtrA,#66c2a5
CitrofreundPsrA,#66c2a5
CitropasteurNapA,#66c2a5
CitropasteurPsrA,#66c2a5
CitroportTtrA,#66c2a5
CloacibacilevryFdhNAD,#66c2a5
ClostridautoethanoFdhH,#66c2a5
ClostridcarboxiFdhH,#66c2a5
ClostridformicaFdhN,#66c2a5
ClostridhydrogeniFdhH,#66c2a5
ClostridljungFdhH,#66c2a5
CocleimonflavaFdhNAD,#66c2a5
CocleimonflavaNasA,#66c2a5
CohaesibacmarisTtrA,#66c2a5
CohnelpanacaNasC,#66c2a5
CollimonarenaeNasA,#66c2a5
CollimonpratenNasA,#66c2a5
CollinselaerofaciFdhH,#66c2a5
ComamoaquaNapA,#66c2a5
ComamoaquaTtrA,#66c2a5
ComamogranTtrA,#66c2a5
ComamoterriNapA,#66c2a5
ComamotestTtrA,#66c2a5
ComamothioTtrA,#66c2a5
CompetibacdenitrifiFdhN,#66c2a5
ConfluentilipoNasA,#66c2a5
ConsosalsiAioA,#66c2a5
ConsosalsiFdhH,#66c2a5
ConsosalsiFdhN,#66c2a5
CosenmyxoPsrA,#66c2a5
CosenmyxoTtrA,#66c2a5
CricetibacosteoFdhH,#66c2a5
CrinaliepipsaNasC,#66c2a5
Cryptocurt1FdhH,#66c2a5
Cryptocurt1FdhNAD,#66c2a5
CryptocurtPsrA,#66c2a5
CryptosporauranFdhNAD,#66c2a5
CupriaalkaliphilFdhNAD,#66c2a5
CupriaalkaliphilNapA,#66c2a5
CupriaalkaliphilNasA,#66c2a5
CupriabasilAioA,#66c2a5
Cuprianecator1NapA,#66c2a5
CuprianecatorFdhNAD,#66c2a5
CupriaoxalatiNasA,#66c2a5
CupriapinatuNapA,#66c2a5
CupriataiwanNapA,#66c2a5
CupriataiwanNasA,#66c2a5
CylindrosperstagNasC,#66c2a5
CystoferrugiNapA,#66c2a5
CystofuscusNapA,#66c2a5
DactylosporFdhN,#66c2a5
DechloroagitTtrA,#66c2a5
DechloroaromaNapA,#66c2a5
DechlorodenitriNapA,#66c2a5
DeferridesulfFdhNAD,#66c2a5
DeferridesulfNapA,#66c2a5
DeferridesulfPsrA1,#66c2a5
DeferridesulfPsrA2,#66c2a5
DeferridesulfTtrA,#66c2a5
DefluvialbaAioA,#66c2a5
DehalogenialkeniFdhN,#66c2a5
DehalogenialkeniFdhNAD,#66c2a5
DehalogeniformiFdhNAD,#66c2a5
DehalogenilykanthFdhN,#66c2a5
DeinococficusNasC,#66c2a5
DeinococmisasNasC,#66c2a5
DeinococphoeniNasC,#66c2a5
DeinococreticulNasC,#66c2a5
DelftacidTtrA,#66c2a5
DelfttsurTtrA,#66c2a5
DemosporactivaNasC,#66c2a5
DenitroacetNapA,#66c2a5
DenitroacetPsrA1,#66c2a5
DenitroacetPsrA2,#66c2a5
DenitroacetTtrA,#66c2a5
DenitrobacdetoxiFdhH,#66c2a5
DenitrobacdetoxiFdhNAD,#66c2a5
DerxiagummoFdhn,#66c2a5
DesulfahydrothermFdhN,#66c2a5
DesulfahydrothermFdhNAD,#66c2a5
DesulfainferFdhN,#66c2a5
DesulfainferFdhNAD,#66c2a5
DesulfainferTtrA,#66c2a5
DesulfalgeothermiFdhNAD,#66c2a5
DesulfalgibsonFdhN,#66c2a5
DesulfalgibsonFdhNAD,#66c2a5
DesulfatibacilaliphatiFdhNAD,#66c2a5
DesulfatibacilalkeniFdhNAD,#66c2a5
DesulfatiglaaniliFdhNAD,#66c2a5
DesulfatirhabbutyratiFdhNAD,#66c2a5
DesulfatitaltepidiFdhNAD,#66c2a5
DesulfitialkaFdhNAD,#66c2a5
DesulfitialkaPsrA,#66c2a5
DesulfitochloPsrA,#66c2a5
DesulfitochloTtrA,#66c2a5
DesulfitodehaNapA,#66c2a5
DesulfitodehaPsrA,#66c2a5
DesulfitodehaTtrA,#66c2a5
DesulfitodichlorArrA,#66c2a5
DesulfitodichlorFdhN,#66c2a5
DesulfitodichlorNapA,#66c2a5
Desulfitohafn1ArrA,#66c2a5
DesulfitohafnArrA,#66c2a5
DesulfitohafnFdhN,#66c2a5
DesulfitohafnPsr1,#66c2a5
DesulfitohafnPsr2,#66c2a5
DesulfitohafnTtrA,#66c2a5
DesulfitometaTtrA,#66c2a5
DesulfoacidPsrA,#66c2a5
DesulfoacidTtrA,#66c2a5
DesulfoacididurFdhH,#66c2a5
DesulfoacididurFdhN,#66c2a5
DesulfobacautotrophFdhN,#66c2a5
DesulfobacautotrophFdhNAD,#66c2a5
DesulfobacavacuoFdhNAD,#66c2a5
DesulfobaccaacetoxiFdhNAD,#66c2a5
DesulfobacutoluoFdhNAD,#66c2a5
DesulfobuljaponFdhN,#66c2a5
DesulfobulmediterNapA,#66c2a5
DesulfocasulfexiNapA,#66c2a5
DesulfococcmultiFdhNAD,#66c2a5
DesulfococcoleoFdhNAD,#66c2a5
DesulfocurvvexiFdhN,#66c2a5
DesulfofabhansenFdhNAD,#66c2a5
DesulfofarintricaFdhNAD,#66c2a5
DesulfofunthermocisFdhNAD,#66c2a5
DesulfofunthermosubtFdhNAD,#66c2a5
DesulfofusglycoArrA,#66c2a5
DesulfofusglycoFdhNAD,#66c2a5
DesulfohaloretbaenFdhN,#66c2a5
DesulfolacuPsrA,#66c2a5
DesulfolunsponArrA,#66c2a5
DesulfolunsponTtrA,#66c2a5
DesulfomiapshFdhN,#66c2a5
DesulfomiapshFdhNAD,#66c2a5
DesulfomiapshTtrA,#66c2a5
DesulfomtiedFdhN,#66c2a5
DesulfomtiedNapA,#66c2a5
DesulfomtiedPsrA,#66c2a5
DesulfomtiedTtrA,#66c2a5
DesulfonatrohydrogenFdhN,#66c2a5
DesulfonatromagnPsrA,#66c2a5
DesulfonatronlacusArrA,#66c2a5
DesulfonatronospthioArrA,#66c2a5
DesulfonatronospthioFdhNAD,#66c2a5
DesulfonatronthioautoFdhN,#66c2a5
DesulfonatronthiodisArrA,#66c2a5
DesulfonatronthiosulfArrA,#66c2a5
DesulfooriePsrA,#66c2a5
DesulfopilaestArrA,#66c2a5
DesulfopilaestFdhNAD,#66c2a5
DesulfopilaestNapA,#66c2a5
DesulfoplanformiciFdhN,#66c2a5
DesulforhosignaArrA,#66c2a5
DesulforhosignaFdhNAD,#66c2a5
DesulforhosignaNapA,#66c2a5
DesulforudaudaxFdhN,#66c2a5
DesulfosomacaldarFdhN,#66c2a5
DesulfosomacaldarFdhNAD,#66c2a5
DesulfotigbaltiFdhNAD,#66c2a5
DesulfotigphosphitoFdhNAD,#66c2a5
DesulfotomaccarbFdhN,#66c2a5
DesulfotomacruminFdhN,#66c2a5
DesulfovafriPsrA,#66c2a5
DesulfovalasPsrA,#66c2a5
DesulfovalkalArrA,#66c2a5
DesulfovalkalPsrA,#66c2a5
Desulfovdesulf1FdhN,#66c2a5
Desulfovdesulf1NapA,#66c2a5
DesulfovdesulfTtrA,#66c2a5
DesulfoverhaloArrA,#66c2a5
DesulfoverhaloFdhNAD,#66c2a5
DesulfovfairNapA,#66c2a5
DesulfovfrigPsrA,#66c2a5
DesulfovgigaFdhN,#66c2a5
DesulfovirthermocuniFdhNAD,#66c2a5
DesulfovmagnTtrA1,#66c2a5
DesulfovmagnTtrA2,#66c2a5
DesulfovmexiTtrA,#66c2a5
DesulfovsalexiFdhN,#66c2a5
DesulfovvulgarFdhN,#66c2a5
DesulfoyounArrA,#66c2a5
DesulfoyounFdhN,#66c2a5
DesulfoyounFdhNAD,#66c2a5
DesulfoyounPsrA,#66c2a5
DesulfuralkaArrA,#66c2a5
DesulfuralkaFdhN,#66c2a5
DesulfuralkaPsrA,#66c2a5
DesulfurelamilTtrA,#66c2a5
DesulfuriindiArrA,#66c2a5
DesulfuriindiNapA,#66c2a5
DesulfuriindiPsrA,#66c2a5
DesulfuriindiTtrA,#66c2a5
DesulfurisporthermoFdhNAD,#66c2a5
DesulfurivalkalPsrA,#66c2a5
DesulfuromacetPsrA,#66c2a5
DesulfuromsoudArrA,#66c2a5
DesulfuromsoudFdhN,#66c2a5
DesulfuromsoudNapA,#66c2a5
DesulfuromsoudPsrA,#66c2a5
DesulfuromukysiTtrA1,#66c2a5
DesulfuromukysiTtrA2,#66c2a5
DesulfurstibArrA,#66c2a5
DesulfurstibArrA1,#66c2a5
DesulfurstibFdhN,#66c2a5
DesulfurstibPsrA,#66c2a5
DesulfurstibTtrA1,#66c2a5
DiaphopolyTtA,#66c2a5
DichotothermAioA,#66c2a5
DickeyadadanNasA,#66c2a5
DickeyazeaeNasA,#66c2a5
DissulfurthermNapA,#66c2a5
DissulfurthermTtrA1,#66c2a5
DissulfurthermTtrA2,#66c2a5
DomibacaminvorNasC,#66c2a5
DomibacjocasaNasC,#66c2a5
DraconisedimiNapA,#66c2a5
DuganphylloNasA,#66c2a5
DugansacchariNasA,#66c2a5
Dyellajapon1NapA,#66c2a5
DyellajaponFdhNAD,#66c2a5
DyellajiangFdhN,#66c2a5
DyellathiooxyFdhNAD,#66c2a5
EdwardictaFdhN,#66c2a5
EdwardpiscPsrA,#66c2a5
Edwardtard1FdhN,#66c2a5
EdwardtardPsrA,#66c2a5
EffusibaclacusNapA,#66c2a5
EffusibaclacusNasC,#66c2a5
EffusibacpohliaNasC,#66c2a5
EggerlentFdhH,#66c2a5
EggerlentFdhNAD,#66c2a5
EggerlentNapA,#66c2a5
EggerlentPsrA1,#66c2a5
EggerlentPsrA2,#66c2a5
EggerlentTtrA,#66c2a5
EggertimonFdhH,#66c2a5
EggertimonFdhNAD,#66c2a5
EggertimonNapA,#66c2a5
EggertimonPsrA,#66c2a5
EggertimonTtrA,#66c2a5
EnsiferadhaeNapA,#66c2a5
EnsiferalkaliFdhN,#66c2a5
EnsiferaridiFdhN,#66c2a5
EnterobaccloaFdhH,#66c2a5
EnterobaccloaNasA,#66c2a5
EnterorhabcaecFdhH,#66c2a5
EnterorhabcaecFdhNAD,#66c2a5
EnterorhabcaecNapA,#66c2a5
EnterorhabcaecPsrA,#66c2a5
EnterorhabmucosiFdhH,#66c2a5
EnterorhabmucosiFdhNAD,#66c2a5
EnterorhabmucosiNapA,#66c2a5
EnteroscirubnerNapA,#66c2a5
EnterovicoraNapA,#66c2a5
EnterovinorveNapA,#66c2a5
EoetcaeniAioA,#66c2a5
EpibacmultiNasA,#66c2a5
ErwintoleNasA,#66c2a5
ErythrobaccitreusNasA,#66c2a5
Eschercoli1BisC,#66c2a5
Eschercoli1DmsA,#66c2a5
Eschercoli1NarG,#66c2a5
Eschercoli1TorA,#66c2a5
Eschercoli1TtrA,#66c2a5
Eschercoli2FdhH,#66c2a5
Eschercoli2FdhN,#66c2a5
Eschercoli2NapA,#66c2a5
EschercoliPsrA,#66c2a5
EscherferguFdhN,#66c2a5
EscherferguNapA,#66c2a5
FalsochroovisTtrA,#66c2a5
FerribaleaArrA,#66c2a5
FerrifuttArrA,#66c2a5
FerrifuttNapA,#66c2a5
FerrifuttPsrA,#66c2a5
FerrikyonArrA,#66c2a5
FerrikyonPsrA,#66c2a5
FerriphasamniNasA,#66c2a5
FerrisediArrA,#66c2a5
FerrisediNapA,#66c2a5
FerrisediPsrA,#66c2a5
FerrisentPsrA,#66c2a5
FerroglobplacidFdhN,#66c2a5
FerroglobplacidFwdB,#66c2a5
FischerthermalNasC,#66c2a5
FlagellipacifiNapA,#66c2a5
FlavieckloNapA,#66c2a5
FlavobacdenitrifiNasC,#66c2a5
FlavobacgilliNasC,#66c2a5
FlavobacgilvumFdhNAD,#66c2a5
FlavobacgilvumNasC,#66c2a5
FlavobacsucciniNasC,#66c2a5
FlexidorothPsrA,#66c2a5
FlexisinuNapA,#66c2a5
FlexisinuPsrA,#66c2a5
FodinifengAioA,#66c2a5
FontibacpanaciNasC,#66c2a5
FormosahaliNapA,#66c2a5
FrederikcaniFdhN,#66c2a5
FuerstmarisNapA,#66c2a5
GaetbulisaemaNapA,#66c2a5
GallibacanatTtrA,#66c2a5
GayadojoobiNasA,#66c2a5
GeoalkaliferriFdhN,#66c2a5
GeoalkalisubtFdhN,#66c2a5
GeoalkalisubtNapA,#66c2a5
GeoalkalisubtTtrA,#66c2a5
GeobacbemidjienFdhN,#66c2a5
GeobacdaltTtrA1,#66c2a5
GeobacdaltTtrA2,#66c2a5
GeobaciljurassiNasC,#66c2a5
GeobacilkaustoNasC,#66c2a5
GeobacilstearoNasC,#66c2a5
GeobaclovleArrA,#66c2a5
GeobaclovleNapA,#66c2a5
GeobacmetalliFdhN,#66c2a5
GeobacpickNapA,#66c2a5
GeobacsulfurFdhN,#66c2a5
GeobacthiogeArrA,#66c2a5
GeobacthiogeNapA,#66c2a5
GeobacuranArrA,#66c2a5
GeobacuranFdhN,#66c2a5
GeobacuranTtrA,#66c2a5
GeoglobacetiFwdB,#66c2a5
GeopsychroelectFdhN,#66c2a5
GeopsychroelectPsrA,#66c2a5
GeosporobacsubtFdhNAD,#66c2a5
GeothrifermenPsrA,#66c2a5
GeovibthioNapA,#66c2a5
GilliaapicolFdhN,#66c2a5
GlaesparaNapA,#66c2a5
GleoeokilauNasC,#66c2a5
GordonpamePsrA,#66c2a5
GordonpameTtrA,#66c2a5
GordonurolArrA,#66c2a5
GordonurolFdhNAD,#66c2a5
GordonurolNapA,#66c2a5
GordonurolPsrA,#66c2a5
GordonurolTtrA,#66c2a5
GottschalaciduriFdhNAD,#66c2a5
GottschalpuriniFdhNAD,#66c2a5
GrimonholliNapA,#66c2a5
GulbenindicaFdhN,#66c2a5
GulbenmobiliFdhN,#66c2a5
HaematobacmassiliFdhN,#66c2a5
HaematobacmissourFdhN,#66c2a5
HaemophilhaemoNapA,#66c2a5
HaemophilinflueNapA,#66c2a5
HaemophilmassiliFdhH,#66c2a5
HaemophilquentiFdhH,#66c2a5
HafniaparaFdhN,#66c2a5
HalanaerosulfPsrA1,#66c2a5
HalanaerosulfPsrA2,#66c2a5
HalanaerosulfTtrA,#66c2a5
HalaprisaliPsrA,#66c2a5
HalaprisaliTtrA,#66c2a5
HalarsensilverArrA,#66c2a5
HaliscomehydroFdhNAD,#66c2a5
HalobellimiTtrA,#66c2a5
HalobihaloTtrA,#66c2a5
HalobilaciAioA,#66c2a5
HalobilaciTtrA,#66c2a5
HalobinitratArrA,#66c2a5
HalobinitratPsrA,#66c2a5
HalocynthiarctiAioA,#66c2a5
HalodesulfurformPsrA1,#66c2a5
HalodesulfurformPsrA2,#66c2a5
HalodesulfurformTtrA,#66c2a5
HalofergibbonNasC,#66c2a5
HalofermediterrNasC,#66c2a5
HalofersulfuriNasC,#66c2a5
HalogeorufuTtrA,#66c2a5
HalogranamyloTtrA,#66c2a5
HalolampelaTtrA,#66c2a5
HalolamrubraTtrA,#66c2a5
HalomonaestAioA,#66c2a5
HalomonalkaliTtrA,#66c2a5
HalomonbolivieAioA,#66c2a5
HalomonbolivieArrA,#66c2a5
HalomonchromatArrA,#66c2a5
HalomongudaTtrA,#66c2a5
HalomonilicTtrA,#66c2a5
HalomonmeriTtrA,#66c2a5
HalomonxianhenFdhNAD,#66c2a5
HalopiaswaTtrA,#66c2a5
HalorhodhaloArrA,#66c2a5
HalorhodhaloPsrA,#66c2a5
HaloripersTtrA,#66c2a5
HalorukocuTtrA,#66c2a5
HalorupersTtrA,#66c2a5
HalorutebenAioA,#66c2a5
HalorutrapTtrA,#66c2a5
HalorutropTtrA,#66c2a5
HaloruvacuoPsrA1,#66c2a5
HaloruvacuoPsrA2,#66c2a5
HaloterrsacchTtrA,#66c2a5
HelicoapodeNapA,#66c2a5
HelicocanadPsrA,#66c2a5
HelicomusteNapA,#66c2a5
HelicopameNapA,#66c2a5
HelicowingPsrA,#66c2a5
HerbaspaquatiNasA,#66c2a5
HerbaspchloroAioA,#66c2a5
HerbasphuttiNasA,#66c2a5
HerbasprhizoNasA,#66c2a5
HerbasprubriFdhNAD,#66c2a5
HerbaspseropediFdhNAD,#66c2a5
HerminarseniAioA,#66c2a5
Hippealvi1FdhNAD,#66c2a5
HippealviPsrA,#66c2a5
HippejasonPsrA,#66c2a5
HistophsomniTtrA,#66c2a5
HumiroseaAioA,#66c2a5
HydrogenicaldiAioA,#66c2a5
HydrogenicaldiFdhN,#66c2a5
HydrogenicaldiNapA,#66c2a5
HydrogenithermoNapA,#66c2a5
HydrogenithermoPsrA,#66c2a5
HydrogenobachydrogenFdhN,#66c2a5
HydrogenobacthermoFdhN,#66c2a5
HylemongraciliFdhNAD,#66c2a5
HyphonitratiNapA,#66c2a5
HyunjejuPsrA,#66c2a5
IdeodechlorClrA,#66c2a5
IgnavialbumPsrA,#66c2a5
IgnavialbumTtrA,#66c2a5
IlyobacpolyFdhNAD,#66c2a5
InhelinkyonNapA,#66c2a5
InquililimosusFdhN,#66c2a5
IodofluviaNapA,#66c2a5
IsosphaepalliFdhNAD,#66c2a5
Janthinlivi1NasA,#66c2a5
JanthinliviTtrA,#66c2a5
JanthinsvalNasA,#66c2a5
JanthinsvalTtrA,#66c2a5
JejupallPsrA,#66c2a5
KaistgranuNapA,#66c2a5
KilolaminaNapA,#66c2a5
KilolitopeNapA,#66c2a5
KingelnegeveFdhN,#66c2a5
KingeloraliFdhN,#66c2a5
KitasatatroaurNasC,#66c2a5
KitasatmediociNasC,#66c2a5
KlebsioxytoTtrA,#66c2a5
Klebsipneu1FdhH,#66c2a5
Klebsipneu1FdhN,#66c2a5
Klebsipneu1NasA,#66c2a5
KlebsipneuTtrA,#66c2a5
KlebsivariiFdhN,#66c2a5
KribelsoliFdhNAD,#66c2a5
KuenenstuttgarFdhNAD,#66c2a5
LabilifiliPsrA,#66c2a5
LabilimanganPsrA,#66c2a5
LaribachongTtrA,#66c2a5
LebetinatsuNapA,#66c2a5
LecleradecarTtrA,#66c2a5
LeeiaoryzaFdhNAD,#66c2a5
LeisincaeruNapA,#66c2a5
LeisingaquaFdhNAD,#66c2a5
LeisingaquaNapA,#66c2a5
LeptoboryanaNasC,#66c2a5
LeptothricholoNapA,#66c2a5
LeucomucorFdhNAD,#66c2a5
LevilinsaccharoFdhNAD,#66c2a5
LewinelcohaeFdhNAD,#66c2a5
LitoriaeroNapA,#66c2a5
LitorilisedimiNapA,#66c2a5
LitoritaeaneNasA,#66c2a5
LonepinekoalaFdhN,#66c2a5
LutiagarPsrA,#66c2a5
LutiflavPsrA,#66c2a5
LutimaribaclitoraNasA,#66c2a5
LutimaritiPsrA,#66c2a5
LutioceanFdhNAD,#66c2a5
LutioceanPsrA,#66c2a5
LutiprofundiFdhNAD,#66c2a5
LutiprofundiNapA,#66c2a5
LyngbyaaestuarNasC,#66c2a5
MagnetospircaucaNapA,#66c2a5
Magnetospirmagnet1NapA,#66c2a5
MagnetospirmagnetArrA,#66c2a5
MagnetospirmarisNapA,#66c2a5
Mamelielalba1NasA,#66c2a5
MamelielalbaFdhNAD,#66c2a5
MangrovimarinPsrA,#66c2a5
MannehaemoTtrA,#66c2a5
MannemassilioFdhH,#66c2a5
MannemassilioFdhNAD,#66c2a5
MannevariTtrA,#66c2a5
MarinibreveNapA,#66c2a5
MariniflexuNapA,#66c2a5
MarinifragPsrA,#66c2a5
MarinithermhydroNapA,#66c2a5
MarinobacaestNasA,#66c2a5
MarinobacaromTtrA,#66c2a5
MarinobacdaepTtrA,#66c2a5
MarinobacjannaschFdhNAD,#66c2a5
MarinobacrhizoNasA,#66c2a5
MarinobacsantoriAioA,#66c2a5
MarinocochalophilNasC,#66c2a5
MarinospalkaliArrA,#66c2a5
MarinospcelereArrA,#66c2a5
MarinospinsulTtrA,#66c2a5
MarinospminuTtrA,#66c2a5
MarinovumalgiNasA,#66c2a5
MaripolyPsrA,#66c2a5
MaritimialkaliNasA,#66c2a5
MarivitageojeNasA,#66c2a5
MassilialuteaNasA,#66c2a5
MassilianamucuoFdhNAD,#66c2a5
MassiliatimonaeFdhNAD,#66c2a5
MassiliaumbonNasA,#66c2a5
MassilmassPsrA,#66c2a5
MastigorepensNasC,#66c2a5
MeiocerbAioA,#66c2a5
MeiocerbPsrA,#66c2a5
MeiochliaroFdhNAD,#66c2a5
MeiotimidusAioA,#66c2a5
MeliorirosePsrA,#66c2a5
MelioriroseTtrA,#66c2a5
MerismoglaucaNasC,#66c2a5
MesocricetiintestiFdhH,#66c2a5
MesorhizoalhagiAioA,#66c2a5
MesorhizometaliAioA,#66c2a5
MesorhizosoliAioA,#66c2a5
MesorhizsophoNapA,#66c2a5
MetallosphyelloTtrA,#66c2a5
MethanobaccongolFdhF420,#66c2a5
Methanobacformici1FdhF420,#66c2a5
MethanobacformiciFdhF420,#66c2a5
MethanobaclacusFdhNAD,#66c2a5
MethanobacsubterrFwdB,#66c2a5
MethanocaldococfervensFdhF420,#66c2a5
MethanocaldococfervensFwdB,#66c2a5
MethanocaldococinfernFwdB,#66c2a5
MethanocaldococjannaschFdhF420,#66c2a5
MethanocaldococjannaschFwdB,#66c2a5
MethanocaldococvulcanFwdB,#66c2a5
MethanocelaryoryzaFdhF420,#66c2a5
MethanocelconradiFdhF420,#66c2a5
MethanocelconradiFwdB,#66c2a5
MethanococmaripaFdhF420,#66c2a5
MethanococmaripaFdhF420_1,#66c2a5
MethanococmaripaFwdB1,#66c2a5
MethanococmaripaFwdB2,#66c2a5
MethanococmaripaGAPOR,#fc8d62
MethanococvannieFdhF420,#66c2a5
MethanococvannieFwdB1,#66c2a5
MethanococvannieFwdB2,#66c2a5
MethanococvoltaeFdhF420,#66c2a5
MethanococvoltaeFdhF420_1,#66c2a5
MethanococvoltaeFwdB1,#66c2a5
MethanococvoltaeFwdB2,#66c2a5
MethanocorplabreaFdhF420,#66c2a5
MethanocorpparvumFdhF420,#66c2a5
MethanocullmarisFdhF420,#66c2a5
MethanocullmarisFwdB,#66c2a5
MethanocullthermoFdhF420,#66c2a5
MethanolacpetroFwdB,#66c2a5
MethanolintardaFdhF420,#66c2a5
MethanoperednitroArrA,#66c2a5
MethanoplanlimiFdhF420,#66c2a5
MethanoplanlimiFwdB,#66c2a5
MethanopykandFwdB1,#66c2a5
MethanopykandFwdB2,#66c2a5
MethanoregformiciFdhF420,#66c2a5
MethanoregformiciFwdB,#66c2a5
MethanosalzhiliFwdB,#66c2a5
MethanosaractiFwdB,#66c2a5
MethanosarbarkeriFdhF420,#66c2a5
MethanosarbarkeriFwdB1,#66c2a5
MethanosarbarkeriFwdB2,#66c2a5
MethanosarbarkeriFwdB3,#66c2a5
MethanosarhoronFwdB,#66c2a5
MethanosarmazeiFdhF420,#66c2a5
MethanosphaepalusFdhF420,#66c2a5
MethanospirhungaFdhF420,#66c2a5
MethanospirhungaFwdB,#66c2a5
MethanothermococokinaweFdhF420,#66c2a5
MethanothermococokinaweFwdB1,#66c2a5
MethanothermococokinaweFwdB2,#66c2a5
MethanothermococokinaweFwdB3,#66c2a5
MethanothermococthermolithoFdhF420,#66c2a5
MethanothermodefluvFdhF420,#66c2a5
MethanothermomarburgFdhNAD,#66c2a5
MethanothermomarburgFwdB1,#66c2a5
MethanothermomarburgFwdB2,#66c2a5
MethanothermothermautoFdhNAD,#66c2a5
MethanothermowolfeiiFdhF420,#66c2a5
MethanothermowolfeiiFwdB,#66c2a5
MethanothermusfervidFdhF420,#66c2a5
MethanothermusfervidFwdB,#66c2a5
MethanothrixsoehnFdhNAD,#66c2a5
MethanothrixthermoacetoFdhNAD,#66c2a5
MethanotorformiciFdhF420,#66c2a5
MethanotorigneusFdhF420,#66c2a5
MethanotorigneusFwdB1,#66c2a5
MethanotorigneusFwdB2,#66c2a5
MethylarcmarinaFdhNAD,#66c2a5
MethylobacluteusNasA,#66c2a5
MethylobacwhittenFdhNAD,#66c2a5
MethylocaldszegediFdhNAD,#66c2a5
MethylocapacidiFdhNAD,#66c2a5
MethyloceaniFdhNAD,#66c2a5
MethylocelsilvesNasC,#66c2a5
MethylococccapsulFdhN,#66c2a5
MethylococccapsulFdhNAD,#66c2a5
MethylococccapsulNasA,#66c2a5
MethylohalocrimeFdhN,#66c2a5
MethylohalocrimeFdhNAD,#66c2a5
MethylolihaloFdhNAD,#66c2a5
MethylomonkoyaFdhNAD,#66c2a5
MethylophaglonarFdhNAD,#66c2a5
MethylophaglonarNasA,#66c2a5
MethylophagthioNasA,#66c2a5
MethyloterrioryzaFdhN,#66c2a5
MethyloterrioryzaFdhNAD,#66c2a5
MethyloterrioryzaNasA,#66c2a5
MethyloverthermoNasA,#66c2a5
MethylovirligniFdhNAD,#66c2a5
MicrocolvagiNasC,#66c2a5
MicromonocremeaFdhN,#66c2a5
MicromonoinosiFdhN,#66c2a5
MicromonopaloNasC,#66c2a5
MicromonopisiFdhNAD,#66c2a5
MicromonopurpureNasC,#66c2a5
MicrotetraniveoFdhN,#66c2a5
MicrovirguaerodenitriFdhN,#66c2a5
MicrovirguangAioA,#66c2a5
MicrovirguangNapA,#66c2a5
MicrovirlotonoFdhN,#66c2a5
MicrovirossetAioA,#66c2a5
MicrovirsubterrFdhN,#66c2a5
MicrovirsubterrNapA,#66c2a5
MitsuachitoNapA,#66c2a5
MobilicoccpelagiFdhNAD,#66c2a5
MoellwiscTtrA,#66c2a5
MongoliterreAioA,#66c2a5
MooreaproduNasC,#66c2a5
MoormuldFdhNAD,#66c2a5
MoormuldPsrA,#66c2a5
Moortherm1FdhH,#66c2a5
Moortherm1FdhNAD,#66c2a5
MoorthermAOR,#fc8d62
MoorthermPsrA,#66c2a5
MorganmorgTtrA,#66c2a5
MoriteldasaTtrA,#66c2a5
MucilaginigossFdhNAD,#66c2a5
MucischaedNapA,#66c2a5
MumiflavNapA,#66c2a5
MycolicibacgoodFdhN,#66c2a5
MycolicibacsmegmaFdhNAD,#66c2a5
NatranaerobthermArrA,#66c2a5
NatranaerobthermFdhNAD,#66c2a5
NatronocojeotTtrA,#66c2a5
NatronogregArrA,#66c2a5
NatronogregPsrA,#66c2a5
NautiprofundiNapA,#66c2a5
NecropsomassiliFdhH,#66c2a5
NecropsorosorFdhH,#66c2a5
NeorhizohuautNapA,#66c2a5
NeptuniicaesarNasA,#66c2a5
NesiotoexalTtrA,#66c2a5
NevskisoliFdhNAD,#66c2a5
NevskisoliNasA,#66c2a5
NiastelkoreFdhNAD,#66c2a5
NitratirutergaNapA,#66c2a5
NitratisalsuNapA,#66c2a5
NitrincolacisArrA,#66c2a5
NitrobachamburgAioA,#66c2a5
NodularspumiNasC,#66c2a5
NonomurjiangxiFdhNAD,#66c2a5
NonomurpolychromFdhN,#66c2a5
NonomurpolychromFdhN1,#66c2a5
NonomursolaniFdhNAD,#66c2a5
NostoccycadNasC,#66c2a5
NostocpisciNasC,#66c2a5
NoviherbadenitrifiFdhN,#66c2a5
NoviherbadenitrifiNapA,#66c2a5
NovimethylokurashiNasA,#66c2a5
OblitialkalTtrA,#66c2a5
OceanibacindicumAioA,#66c2a5
OceanibacpacificFdhNAD,#66c2a5
OceanicelactiAioA,#66c2a5
OceanicocsagmiNapA,#66c2a5
OceanicolalitorAioA,#66c2a5
OceanimonbaumTtrA,#66c2a5
OceanimonsmirTtrA,#66c2a5
Oceaprof1NapA,#66c2a5
OceaprofFdhH,#66c2a5
OceaprofFdhN,#66c2a5
OceaprofPsrA,#66c2a5
OceaprofTtrA,#66c2a5
OchrobacintermediFdhN,#66c2a5
OleimessinNapA,#66c2a5
OpituterrPsrA,#66c2a5
OrnithinipekinFdhN,#66c2a5
OryzipropTtrA,#66c2a5
OscillaacumiNasC,#66c2a5
OscillanigroNasC,#66c2a5
OtariodiorisFdhN,#66c2a5
OxalobacformiFdhH,#66c2a5
PaenalhominTtrA,#66c2a5
PaenibacilbeijingNasC,#66c2a5
PaenibacilchondroitNasC,#66c2a5
PaenibacilforsythFdhH,#66c2a5
PaenibacilginsengiNasC,#66c2a5
PaenibacilsonchiFdhH,#66c2a5
PaludibacyongneuFdhH,#66c2a5
PaludifilhalophilNasC,#66c2a5
PandorapisFdhNAD,#66c2a5
Pandorpnom1FdhNAD,#66c2a5
PandorpnomAioA,#66c2a5
PantoeaalliiNasA,#66c2a5
PantoeastewNasA,#66c2a5
ParaburkarmonaAioA,#66c2a5
ParaburkdiazotrophFdhNAD,#66c2a5
ParaburknodosaFdhN,#66c2a5
Paraburkphena1FdhNAD,#66c2a5
ParaburkphenaAioA,#66c2a5
Paraburksedimini1FdhNAD,#66c2a5
ParaburksediminiFdhN,#66c2a5
ParaburktuberFdhN,#66c2a5
ParaburktuberNasA,#66c2a5
ParaburkxenovoraFdhN,#66c2a5
ParaclostridbenzoFdhH,#66c2a5
ParacocalkeniFdhN,#66c2a5
ParacocdenitrifiNasA,#66c2a5
ParacocpantoFdhN,#66c2a5
ParacocpantoNasA,#66c2a5
ParacocsaliAioA,#66c2a5
ParacocsaliFdhNAD,#66c2a5
ParacocsaliNasA,#66c2a5
ParacocseriniAioA,#66c2a5
ParacocthiocyanFdhN,#66c2a5
ParaferrsedimenNapA,#66c2a5
ParageobacilcaldoxyNasC,#66c2a5
ParasuttexcreArrA,#66c2a5
ParvicaeciNapA,#66c2a5
PasteurbettyFdhH,#66c2a5
PasteurbettyFdhNAD,#66c2a5
PasteurdagmaTtrA,#66c2a5
PasteurlangaFdhNAD,#66c2a5
PasteurmultoTtrA,#66c2a5
PectobacbetaNasA,#66c2a5
PectobacperuNasA,#66c2a5
PedobacglucosiNasC,#66c2a5
PelagiabysTtrA,#66c2a5
PelagicolalitoriAioA,#66c2a5
PelagicolalitoriFdhNAD,#66c2a5
PelobacacetylenFdhNAD,#66c2a5
PelobaccarbinolFdhNAD,#66c2a5
PelobacselenTtrA1,#66c2a5
PelobacselenTtrA2,#66c2a5
PelodictphaeoPsrA,#66c2a5
PelosinfermentFdhH,#66c2a5
PeptoclosacidaFdhNAD,#66c2a5
PersehydroNapA,#66c2a5
PersemariNapA,#66c2a5
PetrohalophilFdhNAD,#66c2a5
PetromobilisFdhNAD,#66c2a5
PhaeobacgallaeNasA,#66c2a5
PhaeobaclitaliFdhNAD,#66c2a5
PhorcysthermohydroNapA,#66c2a5
PhormipriestNasC,#66c2a5
PhotobacdamseFdhH,#66c2a5
PhotobacdamseNapA,#66c2a5
PhotobacgangArrA,#66c2a5
PhotobacgangNapA,#66c2a5
PhotobacgangTtrA,#66c2a5
PhotobacprofNapA,#66c2a5
PhotobacprofTtrA,#66c2a5
PhyllobacbourgoFdhN,#66c2a5
PhyllobacbourgoNapA,#66c2a5
PhyllobacbrassiFdhN,#66c2a5
PhyllobacbrassiNapA,#66c2a5
PlanktopauciNasC,#66c2a5
PlantkotepidaNasC,#66c2a5
PlasticiacidTtrA,#66c2a5
PolymorphgilvumAioA,#66c2a5
PraurselmarinaFdhNAD,#66c2a5
PrimorinsulaeNasA,#66c2a5
ProlinofasciNasA,#66c2a5
ProlixibellPsrA,#66c2a5
ProlixidenitrPsrA,#66c2a5
PromineobreveFdhH,#66c2a5
PropionibacacidiFdhNAD,#66c2a5
PropionivibdicarbArrA,#66c2a5
ProtcolumbPsrA,#66c2a5
ProthausTtrA,#66c2a5
ProtmiraPsrA,#66c2a5
ProtvulgPsrA,#66c2a5
ProtvulgTtrA,#66c2a5
ProvidburhoTtrA,#66c2a5
ProvidrettTtrA,#66c2a5
ProvidsneeTtrA,#66c2a5
Providstua1FdhN,#66c2a5
ProvidstuaNapA,#66c2a5
ProvidstuaTtrA,#66c2a5
PseudaminosaliTtrA,#66c2a5
Pseudodesulfindi1FdhN,#66c2a5
PseudodesulfindiPsrA,#66c2a5
PseudodesulfpiezFdhN,#66c2a5
PseudodesulfpiezTtrA,#66c2a5
PseudodesulfprofNapA,#66c2a5
PseudodesulfprofPsrA,#66c2a5
PseudodongxiamTtrA,#66c2a5
Pseudogulbenferrooxi1FdhNAD,#66c2a5
PseudogulbenferrooxiFdhN,#66c2a5
PseudogulbensubflavFdhNAD,#66c2a5
PseudomonaerugiFdhN,#66c2a5
PseudomonarseniAioA,#66c2a5
PseudomonbenzeniAioA,#66c2a5
PseudomonflexTtrA,#66c2a5
PseudomonindicaFdhNAD,#66c2a5
PseudomonmendoFdhNAD,#66c2a5
PseudomonnitroredFdhN,#66c2a5
PseudomonputdiaAioA,#66c2a5
Pseudomonstutz1AioA,#66c2a5
Pseudomonstutz1NapA,#66c2a5
PseudomonstutzTtrA,#66c2a5
PseudonoammoniFdhN,#66c2a5
PseudonocardalniFdhN,#66c2a5
PseudonocarddioxaniFdhNAD,#66c2a5
PseudonocardthermoFdhNAD,#66c2a5
PseudooceanatlantiNasA,#66c2a5
PseudooceannitratiNasA,#66c2a5
PseudorhizopelagiNapA,#66c2a5
PseudorueghalioNasA,#66c2a5
PseudorueglutiAioA,#66c2a5
PseudoruegmariniNasA,#66c2a5
PseudosporferrugiNasC,#66c2a5
PseudoviasciTtrA,#66c2a5
PseudovidenitrTtrA,#66c2a5
PsychrilyoatlantiFdhNAD,#66c2a5
PsychromonaquiArrA,#66c2a5
PuniceisedimiNasA,#66c2a5
PyrinomethylaNasC,#66c2a5
PyroaerGAPOR,#fc8d62
PyroaerNarG,#66c2a5
PyroaeroPsrA,#66c2a5
PyroaeroTtrA,#66c2a5
PyroarsenPsrA,#66c2a5
PyroarsenTtrA,#66c2a5
PyrocalidiAioA,#66c2a5
PyrococfurioAOR,#fc8d62
PyrococfurioFOR,#fc8d62
PyrococfurioGAPOR,#fc8d62
PyrocockukulFdhF420,#66c2a5
PyrococyayanFdhF420,#66c2a5
PyroferriAioA,#66c2a5
PyroferriTtrA,#66c2a5
PyroislaPsrA,#66c2a5
PyroneutroPsrA,#66c2a5
PyroogunAioA,#66c2a5
PyroogunTtrA,#66c2a5
RalstoninsioNasA,#66c2a5
RalstonmannitolNasA,#66c2a5
Ralstonpicket1NapA,#66c2a5
Ralstonpicket1NasA,#66c2a5
RalstonpicketFdhNAD,#66c2a5
RalstonsolanaAioA,#66c2a5
RamlitataouNapA,#66c2a5
RaoulornithTtrA,#66c2a5
ReyranelmassiliFdhN,#66c2a5
RhizobacgummiNapA,#66c2a5
RhizobiumAioA,#66c2a5
RhizobiumetliNapA,#66c2a5
Rhizobiumfavelu1NapA,#66c2a5
RhizobiumfaveluFdhN,#66c2a5
RhizobiummarinNapA,#66c2a5
RhizobiumsullaeFdhN,#66c2a5
RhizobiumtropicFdhNAD,#66c2a5
Rhodobaccapsul1NasA,#66c2a5
RhodobaccapsulAioA,#66c2a5
RhodobacmegaloNapA,#66c2a5
RhodobacsphaeNapA,#66c2a5
RhodobacviriAioA,#66c2a5
RhodoferferriAioA,#66c2a5
RhodopirislanNapA,#66c2a5
RhodopirsalleNapA,#66c2a5
RhodopseudopalusFdhFdhNAD,#66c2a5
RhodopseudopalusFdhH,#66c2a5
RhodopseudopalusNapA,#66c2a5
RhodospirilrubrumFdhH,#66c2a5
RhodothermmariNapA,#66c2a5
RhodothermprofundiNapA,#66c2a5
RhodovulsulfidoDdhA,#66c2a5
RipporientaNasC,#66c2a5
RivibacsubsaxNapA,#66c2a5
RivicolpingtunFdhN,#66c2a5
RodentipneumoNapA,#66c2a5
RomboutlituseFdhH,#66c2a5
RoseibcalidiAioA,#66c2a5
RoseifermentAioA,#66c2a5
RoseimicrogellanNapA,#66c2a5
RoseiviisopAioA,#66c2a5
RoseivirechiniFdhNAD,#66c2a5
RoseocerviAioA,#66c2a5
RoseovaazorenFdhNAD,#66c2a5
RoseovagaetAioA,#66c2a5
RoseovaindicusFdhNAD,#66c2a5
RubrimoncliftAioA,#66c2a5
RubritalmariNapA,#66c2a5
RubritflocTtrA,#66c2a5
RubrivigelatiNapA,#66c2a5
RuegerlacusNasA,#66c2a5
RuegerlitorNapA,#66c2a5
RuegermarinaNasA,#66c2a5
RuegermarisFdhNAD,#66c2a5
RuminobacamyloFdhNAD,#66c2a5
SaccharicarchaNapA,#66c2a5
SaccharopolyflavaFdhNAD,#66c2a5
SalinimicrosediminPsrA,#66c2a5
SalipaauraPsrA1,#66c2a5
SalipaauraPsrA2,#66c2a5
SalipaauraTtrA,#66c2a5
SalipaneizhouNasC,#66c2a5
SalipbermuNasA,#66c2a5
SalipprofunNasA,#66c2a5
SalipthioNasA,#66c2a5
SalipthioTtrA,#66c2a5
SalisehaloPsrA,#66c2a5
SalisehaloTtrA,#66c2a5
SalmonbongNapA,#66c2a5
SalmonbongPsrA,#66c2a5
SalmonbongTtrA,#66c2a5
SalmonenterFdhH,#66c2a5
SalmonenterFdhN,#66c2a5
SalmonenterNapA,#66c2a5
SalmonenterPsrA,#66c2a5
SalmonenterTtrA,#66c2a5
SamsonerythNasA,#66c2a5
ScytonemilleiNasC,#66c2a5
ScytonetolypothNasC,#66c2a5
SebaldeltermitiFdhNAD,#66c2a5
SedimentthioFdhNAD,#66c2a5
SedimentthioTtrA,#66c2a5
SediminiluteNapA,#66c2a5
SelenihalshriftArrA,#66c2a5
SelenihalshriftFdhNAD,#66c2a5
SeleniwoodNapA,#66c2a5
SelenoruminNapA,#66c2a5
SenegalanaeFdhNAD,#66c2a5
SenegalanaePsrA,#66c2a5
SeonamaphaeNapA,#66c2a5
SerratficariFdhN,#66c2a5
SerratmarcTtrA,#66c2a5
ShewanalgaTtrA,#66c2a5
ShewanamazPsrA,#66c2a5
Shewanbalt1TtrA,#66c2a5
ShewanbaltNapA,#66c2a5
ShewanbaltPsrA,#66c2a5
ShewandecolPsrA,#66c2a5
ShewandecolTtrA,#66c2a5
ShewanjaponArrA,#66c2a5
ShewanmarinaFdhH,#66c2a5
ShewanmarinaNapA,#66c2a5
ShewanmassiTorA,#66c2a5
ShewanoneiFdhN,#66c2a5
ShewanoneiNapA,#66c2a5
ShewanoneiPsrA,#66c2a5
ShewanpiezoArrA,#66c2a5
ShewanputreArrA,#66c2a5
ShewanputreTtrA,#66c2a5
ShewanwaksArrA,#66c2a5
ShigeldysenterFdhN,#66c2a5
ShigeldysenterNapA,#66c2a5
ShigelflexFdhN,#66c2a5
ShigelflexNapA,#66c2a5
ShigelsonneiFdhH,#66c2a5
SideroxlithoNasA,#66c2a5
SilicimonalgiFdhNAD,#66c2a5
SinomonatrocyanFdhN,#66c2a5
SinorhizameriAioA,#66c2a5
SinorhizarboriFdhN,#66c2a5
SinorhizfrediNapA,#66c2a5
SinorhizmediNapA,#66c2a5
SinorhizmeliNapA,#66c2a5
SkermaaeroNapA,#66c2a5
SlackexigFdhH,#66c2a5
SlackexigNapA,#66c2a5
SlackexigPsrA,#66c2a5
SlackheliotriniFdhNAD,#66c2a5
SlackheliotriniNapA,#66c2a5
SlackisoflavNapA,#66c2a5
SlackpiriPsrA,#66c2a5
SolimonflumiNasA,#66c2a5
SolirubrobacsoliFdhNAD,#66c2a5
SphaerobacthermoFdhN,#66c2a5
SphaerospermkisselNasC,#66c2a5
SphaerotilhippeiFdhN,#66c2a5
SphaerotilhippeiNapA,#66c2a5
SpirilloalbidaNasC,#66c2a5
SporolthermNapA,#66c2a5
SporolthermPsrA,#66c2a5
SporolthermTtrA,#66c2a5
SporomacidFdhH,#66c2a5
SporomacidNapA,#66c2a5
SporomacidPsrA,#66c2a5
SporomsilvaNapA,#66c2a5
SporomsphaeFdhH,#66c2a5
SporomsphaeTtrA,#66c2a5
StaniercyanoNasC,#66c2a5
StarknovelAioA,#66c2a5
StarknovelFdhN,#66c2a5
StarknovelFdhNAD,#66c2a5
StenoxybacacetiFdhN,#66c2a5
StreptomyazurFdhNAD,#66c2a5
StreptomyfulvoFdhNAD,#66c2a5
StreptomymegasporFdhN,#66c2a5
StreptomythermoautoNasC,#66c2a5
StreptosporFdhNAD,#66c2a5
StreptosporNasC,#66c2a5
SuccinimonamyloFdhNAD,#66c2a5
SulfobacacidTtrA,#66c2a5
SulfuriceldenitriNapA,#66c2a5
SulfuricurkujiNapA,#66c2a5
SulfuridenitriNapA,#66c2a5
SulfurifusvariaNasA,#66c2a5
SulfurigotlanNapA,#66c2a5
SulfurihydrosubterNapA,#66c2a5
SulfurimautoNapA,#66c2a5
SulfurimautoPsrA,#66c2a5
SulfurirhabautoNasA,#66c2a5
SulfurisomsediminiFdhN,#66c2a5
SulfurisomsediminiNapA,#66c2a5
SulfurosparcachoFdhH,#66c2a5
SulfurosparsenAioA,#66c2a5
SulfurosparsenArrA,#66c2a5
SulfurosparsenNapA,#66c2a5
SulfurosparsenPsrA1,#66c2a5
SulfurosparsenPsrA2,#66c2a5
SulfurospbarnAioA,#66c2a5
SulfurospbarnArrA,#66c2a5
SulfurospbarnNapA,#66c2a5
SulfurospbarnPsrA1,#66c2a5
SulfurospbarnPsrA2,#66c2a5
SulfurospcavoTtrA,#66c2a5
SulfurospdelePsrA2,#66c2a5
SulfurospdeleyNapA,#66c2a5
SulfurospdeleyPsrA1,#66c2a5
SulfurospmultiAioA,#66c2a5
SulfurospmultiArrA,#66c2a5
SulfurospmultiPsrA1,#66c2a5
SulfurospmultiPsrA2,#66c2a5
SulfurospmultiTtrA,#66c2a5
SulfurovulithoNapA,#66c2a5
SunxelliptPsrA,#66c2a5
SymbiobacthermoFdhH,#66c2a5
SymbiobacthermoFdhN,#66c2a5
SymbiobacthermoNapA,#66c2a5
SynechoelongNasC,#66c2a5
SyntrophgentiaFdhNAD,#66c2a5
SyntrophobacfumaroxiFdhN,#66c2a5
SyntrophobacfumaroxiFdhNAD,#66c2a5
SyntrophomonwolfeiFdhN,#66c2a5
SyntrophomonzehnFdhN,#66c2a5
SyntrophorhabaromatiFdhN,#66c2a5
SyntrophorhabaromatiFdhNAD,#66c2a5
SyntrophothermlipocaliFdhNAD,#66c2a5
TamlanagariNapA,#66c2a5
TardirobiniAioA,#66c2a5
TenacicaeniNapA,#66c2a5
TenacidicenNapA,#66c2a5
TenacisoleaNapA,#66c2a5
TepiddecaArrA,#66c2a5
TepiddecaFdhN,#66c2a5
TepiddecaPsrA,#66c2a5
TepiddecaTtrA,#66c2a5
TepidfermentFdhN,#66c2a5
TerrisporobacglycolFdhH,#66c2a5
TerrisporobacothiniFdhH,#66c2a5
ThalassobaccyriTtrA,#66c2a5
ThalassobacdevorNasC,#66c2a5
Thalassobigelatini1NasA,#66c2a5
ThalassobigelatiniAioA,#66c2a5
ThalassospirmarinaFdhNAD,#66c2a5
ThalassospirprofundiFdhNAD,#66c2a5
ThalassospirxiameNapA,#66c2a5
ThalassotaagariNapA,#66c2a5
ThauaromTtrA,#66c2a5
ThaubutaniNapA,#66c2a5
ThauhumiTtrA,#66c2a5
ThauhydrothermNapA,#66c2a5
ThaulinalooFdhN,#66c2a5
ThauphenoliNasA,#66c2a5
ThauphenylNapA,#66c2a5
ThauphenylNasA,#66c2a5
ThaupropTtrA,#66c2a5
ThauselenatSerA,#66c2a5
ThauterpFdhN,#66c2a5
ThauterpTtrA,#66c2a5
ThermanaerobackivuiFdhH,#66c2a5
ThermanaerothrixdaxeFdhNAD,#66c2a5
ThermantoyoFdhNAD,#66c2a5
ThermantoyoPsrA,#66c2a5
ThermantoyoTtrA1,#66c2a5
ThermantoyoTtrA2,#66c2a5
ThermicanaegyPsrA,#66c2a5
ThermicanaegyTtrA,#66c2a5
ThermincoferriacetiFdhNAD,#66c2a5
ThermincopotensFdhN,#66c2a5
ThermincopotensFdhNAD,#66c2a5
ThermoacetophaeumFdhN,#66c2a5
ThermoacetophaeumFdhNAD,#66c2a5
ThermoanaeroaquatiNapA,#66c2a5
ThermococcgammaFdhF420,#66c2a5
ThermococclitorFOR,#fc8d62
ThermococconnuriFdhF420,#66c2a5
ThermocrinruberAioA,#66c2a5
ThermocrinruberFdhN,#66c2a5
ThermodesulfaatlanNapA,#66c2a5
ThermodesulfaautoNapA,#66c2a5
ThermodesulfcommFdhN,#66c2a5
ThermodesulfcommPsrA,#66c2a5
ThermodesulfobnaruFdhN,#66c2a5
ThermodesulforhabnorvegFdhNAD,#66c2a5
ThermodesulfthermFdhN,#66c2a5
ThermodesulfthermPsrA,#66c2a5
ThermoficarboxPsrA,#66c2a5
ThermofipenPsrA,#66c2a5
ThermoflexhugePsrA,#66c2a5
ThermoflexhugeTtrA,#66c2a5
ThermogutterriTtrA,#66c2a5
ThermomicrobroseumFdhN,#66c2a5
ThermomonocurvaNasC,#66c2a5
ThermopolyflexNasC,#66c2a5
ThermosediminioceanFdhH,#66c2a5
ThermostaphychromFdhN,#66c2a5
ThermosulfdismuNapA,#66c2a5
ThermosynechelongNasC,#66c2a5
ThermosynechvulcanNasC,#66c2a5
ThermosynlipoFdhNAD,#66c2a5
ThermosynlipoPsrA,#66c2a5
ThermotogacaldifonFdhNAD,#66c2a5
ThermotogaprofundFdhNAD,#66c2a5
ThermovibammoniNapA,#66c2a5
ThermovibguaymaFdhN,#66c2a5
ThermovibguaymaNapA,#66c2a5
ThermusarciTtrA,#66c2a5
ThermusbrocPsrA,#66c2a5
ThermusbrocTtrA,#66c2a5
ThermuscaldAioA,#66c2a5
ThermuscaldFdhH,#66c2a5
ThermuscaldFdhN,#66c2a5
ThermuscaldPsrA,#66c2a5
ThermuscaldTtrA,#66c2a5
ThermuscaldifonFdhH,#66c2a5
ThermuscaldifonFdhN,#66c2a5
ThermusfiliAioA,#66c2a5
ThermusfiliTtrA,#66c2a5
ThermusoshiFdhH,#66c2a5
ThermusoshiPsrA,#66c2a5
ThermusscotAioA,#66c2a5
ThermusscotFdhH,#66c2a5
ThermusscotPsrA,#66c2a5
ThermustengPsrA,#66c2a5
ThermustengTtrA,#66c2a5
ThermusthermAioA,#66c2a5
ThermusthermNarG,#66c2a5
ThioalknitratArrA,#66c2a5
ThioalkparaArrA,#66c2a5
ThioalkparaPsrA,#66c2a5
ThioalksulfidArrA,#66c2a5
ThioalksulfidNasA,#66c2a5
ThioalkthiocyanArrA,#66c2a5
ThiobacdenitrTtrA,#66c2a5
ThiocalpaciNasA,#66c2a5
ThiocalpaciTtrA,#66c2a5
ThiocapmarinaAioA,#66c2a5
ThiocapmarinaNasA,#66c2a5
ThiocaproseaArrA,#66c2a5
ThiocaproseoNasA,#66c2a5
ThioclaarenoNasA,#66c2a5
ThioclaindiTtrA,#66c2a5
ThiogranlongumNasA,#66c2a5
ThiohalomondenitrTtrA,#66c2a5
ThiolidiscFdhNAD,#66c2a5
ThiolidiscPsrA,#66c2a5
ThiomonarseniAioA,#66c2a5
ThiomoninterAioA,#66c2a5
ThioplocingriNasA,#66c2a5
ThiorhodococdrewsiiFdhNAD,#66c2a5
ThiothrcaldNasA,#66c2a5
ThiothrcaldPsrA,#66c2a5
ThiothrniveaNasA,#66c2a5
ThiothrniveaPsrA,#66c2a5
TibetisediAioA,#66c2a5
TindalcalifArrA,#66c2a5
TistliconsotAioA,#66c2a5
TrabguamPsrA,#66c2a5
TrichoerythraeNasC,#66c2a5
TrichorvariabiNasC,#66c2a5
TropicibacnaphtaleniFdhNAD,#66c2a5
TropicibacnaphtaleniNasA,#66c2a5
TropicibacphthaliFdhNAD,#66c2a5
TropicimonsedimiNasA,#66c2a5
TuricimonmurisArrA,#66c2a5
UliginosigangwonFdhH,#66c2a5
VariosoliNapA,#66c2a5
VermineaporAioA,#66c2a5
VerrucosedimiNasC,#66c2a5
VibrialgiTtrA,#66c2a5
VibribreoNapA,#66c2a5
VibriharveTtrA,#66c2a5
VibrimytiliFdhH,#66c2a5
VibriparaTtrA,#66c2a5
VibrirhizoFdhH,#66c2a5
VibrivulcanNapA,#66c2a5
VirgibacchigTtrA,#66c2a5
Virgibachalo1NasA,#66c2a5
VirgibachaloTtrA,#66c2a5
VitriofiliNapA,#66c2a5
VogeselindigoFdhN,#66c2a5
VolucripsittaNapA,#66c2a5
WenyifucaniNapA,#66c2a5
WinogradjejuNapA,#66c2a5
WolfahchitFdhN,#66c2a5
WolfahchitTtrA,#66c2a5
WolfahlarvaFdhH,#66c2a5
WolfahlarvaTtrA,#66c2a5
WolfahpopuliFdhH,#66c2a5
WolinsuccArrA,#66c2a5
WolinsuccNapA,#66c2a5
WolinsuccPsrA,#66c2a5
WolinsuccTtrA,#66c2a5
Xanthobacauto1FdhN,#66c2a5
XanthobacautoAioA,#66c2a5
XiangphaseoNasC,#66c2a5
YangpaciNasA,#66c2a5
YersinpestisFdhN,#66c2a5
YersinruckerFdhN,#66c2a5
YokeneregenTtrA,#66c2a5
YoungivesiNasA,#66c2a5
ZhouamyloNapA,#66c2a5
ZobelgalacNapA,#66c2a5
ZobeluligiNapA,#66c2a5
ZoogloramiNasA,#66c2a5
radyrhizoelkaniFdhNAD,#66c2a5
