,accession,cofactor
0,sp|A0A286R227|NIA_ULVPR,Mo
1,sp|G3X982|AOXC_MOUSE,Mo
2,sp|H9TB17|AOXA_CAVPO,Mo
3,sp|I3R634|NASA_HALMT,Mo
4,sp|I3R9M9|NARG_HALMT,Mo
5,sp|O23887|ALDO1_MAIZE,Mo
6,sp|O54754|AOXA_MOUSE,Mo
7,sp|P07658|FDHF_ECOLI,Mo
8,sp|P09152|NARG_ECOLI,Mo
9,sp|P10351|XDH_DROME,Mo
10,sp|P11035|NIA2_ARATH,Mo
11,sp|P11832|NIA1_ARATH,Mo
12,sp|P12281|MOEA_ECOLI,Mo
13,sp|P17571|NIA1_MAIZE,Mo
14,sp|P18775|DMSA_ECOLI,Mo
15,sp|P19319|NARZ_ECOLI,Mo
16,sp|P22985|XDH_RAT,Mo
17,sp|P24183|FDNG_ECOLI,Mo
18,sp|P32173|MOBA_ECOLI,Mo
19,sp|P32176|FDOG_ECOLI,Mo
20,sp|P32177|FDHD_ECOLI,Mo
21,sp|P33225|TORA_ECOLI,Mo
22,sp|P33937|NAPA_ECOLI,Mo
23,sp|P39185|NAPA_CUPNH,Mo
24,sp|P39205|CIN_DROME,Mo
25,sp|P47989|XDH_HUMAN,Mo
26,sp|P47990|XDH_CHICK,Mo
27,sp|P48034|AOXA_BOVIN,Mo
28,sp|P51687|SUOX_HUMAN,Mo
29,sp|P76342|MSRP_ECOLI,Mo
30,sp|P77489|PAOC_ECOLI,Mo
31,sp|P80456|AOXA_RABIT,Mo
32,sp|P80457|XDH_BOVIN,Mo
33,sp|P81186|NAPA_DESDA,Mo
34,sp|P9WJQ1|NARX_MYCTU,Mo
35,sp|P9WJQ3|NARG_MYCTU,Mo
36,sp|Q00519|XDH_MOUSE,Mo
37,sp|Q03555|GEPH_RAT,Mo
38,sp|Q06278|AOXA_HUMAN,Mo
39,sp|Q07116|SUOX_RAT,Mo
40,sp|Q0QLF1|NDMMS_EUBBA,Mo
41,sp|Q0QLF2|NDLMS_EUBBA,Mo
42,sp|Q39054|CNX1_ARATH,Mo
43,sp|Q3TYQ9|AOXD_MOUSE,Mo
44,sp|Q46810|MOCA_ECOLI,Mo
45,sp|Q4J6M3|CUTA_SULAC,Mo
46,sp|Q52675|DSTOR_RHOCA,Mo
47,sp|Q53176|NAPA_CERS4,Mo
48,sp|Q57366|DSTOR_CERSP,Mo
49,sp|Q5QE80|AOXC_RAT,Mo
50,sp|Q5SGK3|AOXB_MOUSE,Mo
51,sp|Q5VT66|MARC1_HUMAN,Mo
52,sp|Q5Y818|ARRA_CHRAT,Mo
53,sp|Q7G191|ALDO4_ARATH,Mo
54,sp|Q7G192|ALDO2_ARATH,Mo
55,sp|Q7G193|ALDO1_ARATH,Mo
56,sp|Q7G9P4|ALDO3_ARATH,Mo
57,sp|Q7WTU0|ARRA_SHESA,Mo
58,sp|Q8BUV3|GEPH_MOUSE,Mo
59,sp|Q8GPG4|DDHA_RHOSU,Mo
60,sp|Q8GUQ8|XDH1_ARATH,Mo
61,sp|Q969Z3|MARC2_HUMAN,Mo
62,sp|Q96EN8|MOCOS_HUMAN,Mo
63,sp|Q9C5X8|MOCOS_ARATH,Mo
64,sp|Q9CW42|MARC1_MOUSE,Mo
65,sp|Q9HR74|DMSA_HALSA,Mo
66,sp|Q9MYW6|XDH_FELCA,Mo
67,sp|Q9N0E7|MOCOS_BOVIN,Mo
68,sp|Q9NQX3|GEPH_HUMAN,Mo
69,sp|Q9PW38|GEPH_CHICK,Mo
70,sp|Q9S1H0|SERA_THASE,Mo
71,sp|Q9S850|SUOX_ARATH,Mo
72,sp|Q9VRA2|MOCOS_DROME,Mo
73,sp|Q9VWP4|SUOX_DROME,Mo
74,sp|Q9Z0U5|AOXA_RAT,Mo
75,sp|Q9Z4S6|TTRA_SALTY,Mo
76,sp|R4ZGN4|XDH_BLAAD,Mo
77,sp|A0A1U8QNG8|HXNS_EMENI,Mo
78,sp|A0A369NIV7|DADH_EGGLN,Mo
79,sp|A9I7M5|NAPA_BORPD,Mo
80,sp|B1Y6A6|NAPA_LEPCP,Mo
81,sp|C4NYZ3|AOXB_MACFA,Mo
82,sp|D3RNN8|SOEA_ALLVD,Mo
83,sp|F4JLI5|XDH2_ARATH,Mo
84,sp|G8QMC2|MSRP_AZOOP,Mo
85,sp|H9TB18|AOXD_CAVPO,Mo
86,sp|H9TB19|AOXB_CAVPO,Mo
87,sp|O23888|ALDO2_MAIZE,Mo
88,sp|O30078|TTRA_ARCFU,Mo
89,sp|O32144|XDHD_BACSU,Mo
90,sp|O33819|HCRA_THAAR,Mo
91,sp|O87948|TORA_SHEMA,Mo
92,sp|O88994|MARC2_RAT,Mo
93,sp|P06131|FDHA_METFO,Mo
94,sp|P07850|SUOX_CHICK,Mo
95,sp|P08509|NIA2_TOBAC,Mo
96,sp|P08619|NIA_NEUCR,Mo
97,sp|P11605|NIA1_TOBAC,Mo
98,sp|P16081|NIA1_ORYSJ,Mo
99,sp|P17569|NIA_CUCMA,Mo
100,sp|P17570|NIA_SOLLC,Mo
101,sp|P19913|DCML_HYDPS,Mo
102,sp|P19919|DCML_AFIC5,Mo
103,sp|P20099|BISC_ECOLI,Mo
104,sp|P22811|XDH_DROPS,Mo
105,sp|P22945|NIA_EMENI,Mo
106,sp|P23312|NIA_SPIOL,Mo
107,sp|P27783|NIA_BETPN,Mo
108,sp|P27967|NIA1_HORVU,Mo
109,sp|P27968|NIA7_HORVU,Mo
110,sp|P27969|NIA2_HORVU,Mo
111,sp|P31075|PSRA_WOLSU,Mo
112,sp|P36841|NIA_VOLCA,Mo
113,sp|P36842|NIA_LEPMC,Mo
114,sp|P36859|NIA_PETHY,Mo
115,sp|P39863|NIA_FUSOX,Mo
116,sp|P39865|NIA1_PHAVU,Mo
117,sp|P39866|NIA2_PHAVU,Mo
118,sp|P39867|NIA1_BRANA,Mo
119,sp|P39868|NIA2_BRANA,Mo
120,sp|P39870|NIA2_SOYBN,Mo
121,sp|P43100|NIA_BEABA,Mo
122,sp|P43101|NIA_CICIN,Mo
123,sp|P45004|DMSA_HAEIN,Mo
124,sp|P46448|FDXG_HAEIN,Mo
125,sp|P46923|TORZ_ECOLI,Mo
126,sp|P49050|NIA_PICAN,Mo
127,sp|P49102|NIA3_MAIZE,Mo
128,sp|P60068|CLRA_IDEDE,Mo
129,sp|P77374|YNFE_ECOLI,Mo
130,sp|P77783|YNFF_ECOLI,Mo
131,sp|P80563|PGTL_PELAC,Mo
132,sp|P85097|NARG_BRASZ,Mo
133,sp|P91711|XDH_DROSU,Mo
134,sp|P9WJQ0|NARX_MYCTO,Mo
135,sp|Q05531|NIA_USTMA,Mo
136,sp|Q12553|XDH_EMENI,Mo
137,sp|Q1LZH1|MARC2_BOVIN,Mo
138,sp|Q46799|XDHA_ECOLI,Mo
139,sp|Q47A87|NAPA_DECAR,Mo
140,sp|Q47CW6|PCRA_DECAR,Mo
141,sp|Q4QNJ6|NAPA_HAEI8,Mo
142,sp|Q54KM0|GEPH_DICDI,Mo
143,sp|Q55370|MOCBA_SYNY3,Mo
144,sp|Q5FB27|AOXA_MACFA,Mo
145,sp|Q5QE78|AOXB_RAT,Mo
146,sp|Q5QE79|AOXD_RAT,Mo
147,sp|Q65Q72|NAPA_MANSM,Mo
148,sp|Q6LQJ3|NAPA2_PHOPR,Mo
149,sp|Q7M962|NAPA_WOLSU,Mo
150,sp|Q7SIF4|AIOA_ALCFA,Mo
151,sp|Q88FX8|NICB_PSEPK,Mo
152,sp|Q8IU29|MOCOS_BOMMO,Mo
153,sp|Q8R086|SUOX_MOUSE,Mo
154,sp|Q922Q1|MARC2_MOUSE,Mo
155,sp|Q960A1|GAD3_CAEEL,Mo
156,sp|Q9R4Y1|HVOR_PROVU,Mo
157,sp|Q9UV64|MOCOS_EMENI,Mo
158,sp|A0A391NTR7|IDRA_PSEXS,Mo
159,sp|A0K5T4|MOBA_BURCH,Mo
160,sp|A0KIM1|NAPA_AERHH,Mo
161,sp|A0L2M8|MOBA_SHESA,Mo
162,sp|A0PU27|MOBA_MYCUA,Mo
163,sp|A0QDF8|MOBA_MYCA1,Mo
164,sp|A0RJZ5|MOBA_BACAH,Mo
165,sp|A0RQ36|NAPA_CAMFF,Mo
166,sp|A1ACB6|MSRP_ECOK1,Mo
167,sp|A1AD59|NAPA_ECOK1,Mo
168,sp|A1CHL0|MOCOS_ASPCL,Mo
169,sp|A1CX75|MOCOS_NEOFI,Mo
170,sp|A1JL26|NAPA_YERE8,Mo
171,sp|A1KLE9|MOBA_MYCBP,Mo
172,sp|A1KU57|MOBA_NEIMF,Mo
173,sp|A1RE29|MOBA_SHESW,Mo
174,sp|A1S1S7|MOBA_SHEAM,Mo
175,sp|A1SWQ0|NAPA_PSYIN,Mo
176,sp|A1TC40|MOBA_MYCVP,Mo
177,sp|A1VZC8|NAPA_CAMJJ,Mo
178,sp|A1W0W6|MOBA_CAMJJ,Mo
179,sp|A1W6R1|MOBA_ACISJ,Mo
180,sp|A2QIK9|MOCOS_ASPNC,Mo
181,sp|A2SIT7|MOBA_METPP,Mo
182,sp|A2VD33|MOCOS_DANRE,Mo
183,sp|A3CYQ1|MOBA_SHEB5,Mo
184,sp|A3M684|MOBA_ACIBT,Mo
185,sp|A3N277|NAPA_ACTP2,Mo
186,sp|A3N3C8|MSRP_ACTP2,Mo
187,sp|A3PMC8|MOBA_CERS1,Mo
188,sp|A3QJA4|MOBA_SHELP,Mo
189,sp|A4JCN6|MOBA_BURVG,Mo
190,sp|A4RK48|MOCOS_MAGO7,Mo
191,sp|A4SPG7|NAPA_AERS4,Mo
192,sp|A4SVU3|MOBA_POLAQ,Mo
193,sp|A4TMK8|NAPA_YERPP,Mo
194,sp|A4TSH1|MOBA_YERPP,Mo
195,sp|A4VJ11|NAPA_PSEU5,Mo
196,sp|A4XT41|MOBA_PSEMY,Mo
197,sp|A4XWM0|NAPA_PSEMY,Mo
198,sp|A4YCA5|MOBA_SHEPC,Mo
199,sp|A4Z027|MOBA_BRASO,Mo
200,sp|A4Z0A1|NAPA_BRASO,Mo
201,sp|A5D369|MOBA_PELTS,Mo
202,sp|A5ED21|NAPA_BRASB,Mo
203,sp|A5EZX9|NAPA_VIBC3,Mo
204,sp|A5FAX4|MOBA_FLAJ1,Mo
205,sp|A5FZ90|MOBA_ACICJ,Mo
206,sp|A5IV51|MOBA_STAA9,Mo
207,sp|A5U5E9|MOBA_MYCTA,Mo
208,sp|A5UAE1|NAPA_HAEIE,Mo
209,sp|A5VQC8|MOBA_BRUO2,Mo
210,sp|A5W2U1|MOBA_PSEP1,Mo
211,sp|A6Q604|NAPA_NITSB,Mo
212,sp|A6QJA9|MOBA_STAAE,Mo
213,sp|A6SRX6|MOCOS_BOTFB,Mo
214,sp|A6U3Z3|MOBA_STAA2,Mo
215,sp|A6V365|MOBA_PSEA7,Mo
216,sp|A6V924|NAPA_PSEA7,Mo
217,sp|A6VQE0|MSRP_ACTSZ,Mo
218,sp|A6VQY7|NAPA_ACTSZ,Mo
219,sp|A6WUE5|MOBA_SHEB8,Mo
220,sp|A7FCP0|MOBA_YERP3,Mo
221,sp|A7FG75|NAPA_YERP3,Mo
222,sp|A7GU36|MOBA_BACCN,Mo
223,sp|A7GZP5|NAPA_CAMC5,Mo
224,sp|A7H239|MOBA_CAMJD,Mo
225,sp|A7I3Y7|NAPA_CAMHC,Mo
226,sp|A7MNQ9|MSRP_CROS8,Mo
227,sp|A7N0T3|MOBA_VIBC1,Mo
228,sp|A7N7J3|NAPA_VIBC1,Mo
229,sp|A7X5J2|MOBA_STAA1,Mo
230,sp|A7Z439|MOBA_BACVZ,Mo
231,sp|A7ZCK4|NAPA_CAMC1,Mo
232,sp|A7ZN92|MSRP_ECO24,Mo
233,sp|A7ZP28|NAPA_ECO24,Mo
234,sp|A8A1H0|MSRP_ECOHS,Mo
235,sp|A8A268|NAPA_ECOHS,Mo
236,sp|A8AE11|NAPA_CITK8,Mo
237,sp|A8FCN9|MOBA_BACP2,Mo
238,sp|A8FLJ3|NAPA_CAMJ8,Mo
239,sp|A8FN28|MOBA_CAMJ8,Mo
240,sp|A8FPG1|MOBA_SHESH,Mo
241,sp|A8GHJ4|NAPA_SERP5,Mo
242,sp|A8GK68|MSRP_SERP5,Mo
243,sp|A8GLJ4|MOBA_SERP5,Mo
244,sp|A8HA20|MOBA_SHEPA,Mo
245,sp|A8LLY9|NAPA_DINSH,Mo
246,sp|A8X493|MOCOS_CAEBR,Mo
247,sp|A8Z367|MOBA_STAAT,Mo
248,sp|A9A059|MOBA_DESOH,Mo
249,sp|A9IFD9|MOBA_BORPD,Mo
250,sp|A9KW43|MOBA_SHEB9,Mo
251,sp|A9MJZ6|NAPA_SALAR,Mo
252,sp|A9MNV7|MSRP_SALAR,Mo
253,sp|A9N5G2|NAPA_SALPB,Mo
254,sp|A9N876|MSRP_SALPB,Mo
255,sp|A9QYH5|MOBA_YERPG,Mo
256,sp|A9QZL3|NAPA_YERPG,Mo
257,sp|A9VLC2|MOBA_BACMK,Mo
258,sp|B0BR28|NAPA_ACTPJ,Mo
259,sp|B0BT06|MSRP_ACTPJ,Mo
260,sp|B0CLS9|MOBA_BRUSI,Mo
261,sp|B0KQW4|MOBA_PSEPG,Mo
262,sp|B0SVB3|MSRP_CAUSK,Mo
263,sp|B0TN10|MOBA_SHEHH,Mo
264,sp|B0TSW5|NAPA_SHEHH,Mo
265,sp|B0UCB6|NAPA_METS4,Mo
266,sp|B0URQ3|NAPA_HISS2,Mo
267,sp|B0UUL6|MSRP_HISS2,Mo
268,sp|B0UVP3|MOBA_HISS2,Mo
269,sp|B0WSW8|MOCO1_CULQU,Mo
270,sp|B0WSX1|MOCO2_CULQU,Mo
271,sp|B0Y691|MOCOS_ASPFC,Mo
272,sp|B1IY66|NAPA_ECOLC,Mo
273,sp|B1IZU1|MSRP_ECOLC,Mo
274,sp|B1JR17|MOBA_YERPY,Mo
275,sp|B1JSJ0|NAPA_YERPY,Mo
276,sp|B1JY88|MOBA_BURCC,Mo
277,sp|B1KL44|MOBA_SHEWM,Mo
278,sp|B1LKV2|NAPA_ECOSM,Mo
279,sp|B1LQN8|MSRP_ECOSM,Mo
280,sp|B1X8A2|NAPA_ECODH,Mo
281,sp|B1Y5U2|MOBA_LEPCP,Mo
282,sp|B1YVJ8|MOBA_BURA4,Mo
283,sp|B1ZVU0|MOBA_OPITP,Mo
284,sp|B2A242|MOBA_NATTJ,Mo
285,sp|B2HNF8|MOBA_MYCMM,Mo
286,sp|B2I3G6|MOBA_ACIBC,Mo
287,sp|B2JYK0|MOBA_YERPB,Mo
288,sp|B2K970|NAPA_YERPB,Mo
289,sp|B2S5I0|MOBA_BRUA1,Mo
290,sp|B2TV30|NAPA_SHIB3,Mo
291,sp|B2TWL4|MSRP_SHIB3,Mo
292,sp|B2U956|MOBA_RALPJ,Mo
293,sp|B2UBL7|NAPA_RALPJ,Mo
294,sp|B2VGX7|MSRP_ERWT9,Mo
295,sp|B3GZ85|MSRP_ACTP7,Mo
296,sp|B3H2D1|NAPA_ACTP7,Mo
297,sp|B3MZN7|MOCOS_DROAN,Mo
298,sp|B3NY19|MOCOS_DROER,Mo
299,sp|B3PWV0|MSRP_RHIE6,Mo
300,sp|B3R5L0|MOBA_CUPTR,Mo
301,sp|B3R8B4|NAPA_CUPTR,Mo
302,sp|B4H0S8|MOCOS_DROPE,Mo
303,sp|B4JXP7|MOCOS_DROGR,Mo
304,sp|B4L340|MOCOS_DROMO,Mo
305,sp|B4N1V2|MOCOS_DROWI,Mo
306,sp|B4PYH5|MOCOS_DROYA,Mo
307,sp|B4SUN2|MSRP_SALNS,Mo
308,sp|B4SYT3|NAPA_SALNS,Mo
309,sp|B4TAT3|NAPA_SALHS,Mo
310,sp|B4TJV1|MSRP_SALHS,Mo
311,sp|B4TPE6|NAPA_SALSV,Mo
312,sp|B4TX85|MSRP_SALSV,Mo
313,sp|B4U6K0|MOBA_HYDS0,Mo
314,sp|B4UGL0|MSRP_ANASK,Mo
315,sp|B5BDZ4|NAPA_SALPK,Mo
316,sp|B5BGT1|MSRP_SALPK,Mo
317,sp|B5EYU5|NAPA_SALA4,Mo
318,sp|B5F7N7|MSRP_SALA4,Mo
319,sp|B5FEE3|MOBA_ALIFM,Mo
320,sp|B5FGW1|NAPA_ALIFM,Mo
321,sp|B5FIV5|MSRP_SALDC,Mo
322,sp|B5FNQ2|NAPA_SALDC,Mo
323,sp|B5R1C0|MSRP_SALEP,Mo
324,sp|B5R233|NAPA_SALEP,Mo
325,sp|B5RC85|NAPA_SALG2,Mo
326,sp|B5REX5|MSRP_SALG2,Mo
327,sp|B5YSJ7|MSRP_ECO5E,Mo
328,sp|B5YWZ7|NAPA_ECO5E,Mo
329,sp|B5Z7D2|MOBA_HELPG,Mo
330,sp|B5ZS84|MOBA_RHILW,Mo
331,sp|B6EKR0|MOBA_ALISL,Mo
332,sp|B6I116|MSRP_ECOSE,Mo
333,sp|B6I1A4|NAPA_ECOSE,Mo
334,sp|B6JM02|MOBA_HELP2,Mo
335,sp|B7H9C3|MOBA_BACC4,Mo
336,sp|B7HSV1|MOBA_BACC7,Mo
337,sp|B7IL24|MOBA_BACC2,Mo
338,sp|B7JT28|MOBA_BACC0,Mo
339,sp|B7L8Y8|MSRP_ECO55,Mo
340,sp|B7LAM9|NAPA_ECO55,Mo
341,sp|B7LJU7|NAPA_ESCF3,Mo
342,sp|B7LRM8|MSRP_ESCF3,Mo
343,sp|B7M3A9|MSRP_ECO8A,Mo
344,sp|B7M5P6|NAPA_ECO8A,Mo
345,sp|B7MCM4|MSRP_ECO45,Mo
346,sp|B7MFB8|NAPA_ECO45,Mo
347,sp|B7MWF7|MSRP_ECO81,Mo
348,sp|B7MXN6|NAPA_ECO81,Mo
349,sp|B7N5G7|NAPA_ECOLU,Mo
350,sp|B7NBW2|MSRP_ECOLU,Mo
351,sp|B7NN18|NAPA_ECO7I,Mo
352,sp|B7NRB1|MSRP_ECO7I,Mo
353,sp|B7UFL9|NAPA_ECO27,Mo
354,sp|B7USY1|MSRP_ECO27,Mo
355,sp|B7UX15|NAPA_PSEA8,Mo
356,sp|B7UXN9|MOBA_PSEA8,Mo
357,sp|B7VNT9|MOBA_VIBA3,Mo
358,sp|B7VRL0|NAPA_VIBA3,Mo
359,sp|B8CVC1|MOBA_SHEPW,Mo
360,sp|B8EDQ5|MOBA_SHEB2,Mo
361,sp|B8F7K2|NAPA_GLAP5,Mo
362,sp|B8G8K0|MOBA_CHLAD,Mo
363,sp|B8J9Q0|MSRP_ANAD2,Mo
364,sp|B9J1G5|MOBA_BACCQ,Mo
365,sp|B9JFZ4|MOBA_AGRRK,Mo
366,sp|B9KCQ2|NAPA_CAMLR,Mo
367,sp|B9L8L4|NAPA_NAUPA,Mo
368,sp|B9MA54|MOBA_ACIET,Mo
369,sp|C0Q0P2|NAPA_SALPC,Mo
370,sp|C0RIT3|MOBA_BRUMB,Mo
371,sp|C1AES0|MOBA_MYCBT,Mo
372,sp|C1D9G3|NAPA_LARHH,Mo
373,sp|C1EW31|MOBA_BACC3,Mo
374,sp|C3K7L4|MOBA_PSEFS,Mo
375,sp|C3LAZ5|MOBA_BACAC,Mo
376,sp|C3LVU3|NAPA_VIBCM,Mo
377,sp|C3MB06|MSRP_SINFN,Mo
378,sp|C3MDF9|MOBA_SINFN,Mo
379,sp|C3PCC0|MOBA_BACAA,Mo
380,sp|C4ZQP1|MSRP_ECOBW,Mo
381,sp|C4ZU48|NAPA_ECOBW,Mo
382,sp|C5A3C9|MOBA_THEGJ,Mo
383,sp|C5B7B9|NAPA_EDWI9,Mo
384,sp|C5D754|MOBA_GEOSW,Mo
385,sp|C6A2P7|MOBA_THESM,Mo
386,sp|C6DIK7|MSRP_PECCP,Mo
387,sp|C6DK59|NAPA_PECCP,Mo
388,sp|C8WLC6|DADHH_EGGLE,Mo
389,sp|D7REY3|CDHA_PSEU3,Mo
390,sp|I3R636|NASC_HALMT,Mo
391,sp|O06866|MOBA_SYNE7,Mo
392,sp|O26246|MOBA_METTH,Mo
393,sp|O31701|MOBA_BACSU,Mo
394,sp|O31703|MOEA_BACSU,Mo
395,sp|O33732|NARB_SHEFN,Mo
396,sp|O58708|MOBA_PYRHO,Mo
397,sp|O67413|MOBA_AQUAE,Mo
398,sp|O68799|MOBA_PSEAE,Mo
399,sp|P08793|XDH_CALVI,Mo
400,sp|P0A4R0|MSRP_BRUME,Mo
401,sp|P0A4R1|MSRP_BRUSU,Mo
402,sp|P0C2C3|MARC2_PIG,Mo
403,sp|P0DV66|IDRA_DENS1,Mo
404,sp|P36858|NIA_ASPNG,Mo
405,sp|P37600|PHSA_SALTY,Mo
406,sp|P39458|NARB_SYNE7,Mo
407,sp|P39864|NIA_PHYIN,Mo
408,sp|P39869|NIA_LOTJA,Mo
409,sp|P39871|NIA2_MAIZE,Mo
410,sp|P39882|NIA_LOTTE,Mo
411,sp|P42175|NARG_BACSU,Mo
412,sp|P42434|NASC_BACSU,Mo
413,sp|P44798|TORZ_HAEIN,Mo
414,sp|P44899|MOBA_HAEIN,Mo
415,sp|P45210|MOEA_HAEIN,Mo
416,sp|P54233|NIA1_SOYBN,Mo
417,sp|P56415|MOBA_HELPY,Mo
418,sp|P57971|MOBA_PASMU,Mo
419,sp|P58221|MOBA_ECO57,Mo
420,sp|P58360|TORA_ECO57,Mo
421,sp|P58362|TORZ_ECO57,Mo
422,sp|P58747|MOBA_NEIMB,Mo
423,sp|P58770|MSRP_AGRFC,Mo
424,sp|P61159|FDHA_METJA,Mo
425,sp|P65403|MOBA_MYCBO,Mo
426,sp|P65404|MOBA_STAAM,Mo
427,sp|P65405|MOBA_STAAN,Mo
428,sp|P67347|MSRP_SALTY,Mo
429,sp|P67348|MSRP_SALTI,Mo
430,sp|P73448|NARB_SYNY3,Mo
431,sp|P76192|YDHV_ECOLI,Mo
432,sp|P77561|YDEP_ECOLI,Mo
433,sp|P83448|CLRA_PSECO,Mo
434,sp|P95645|MOBA_CERSP,Mo
435,sp|P9WJQ2|NARG_MYCTO,Mo
436,sp|P9WJQ5|MOEA2_MYCTU,Mo
437,sp|P9WJQ7|MOEA1_MYCTU,Mo
438,sp|P9WJQ8|MOBA_MYCTO,Mo
439,sp|P9WJQ9|MOBA_MYCTU,Mo
440,sp|Q01170|NIA_CHLVU,Mo
441,sp|Q02IZ4|NAPA_PSEAB,Mo
442,sp|Q02PJ4|MOBA_PSEAB,Mo
443,sp|Q06457|NASA_KLEOX,Mo
444,sp|Q07W69|MOBA_SHEFN,Mo
445,sp|Q0BH30|MOBA_BURCM,Mo
446,sp|Q0CLW8|MOCOS_ASPTN,Mo
447,sp|Q0HDC7|MOBA_SHESM,Mo
448,sp|Q0HPK8|MOBA_SHESR,Mo
449,sp|Q0I1I3|MOBA_HAES1,Mo
450,sp|Q0I4C9|MSRP_HAES1,Mo
451,sp|Q0I5G9|NAPA_HAES1,Mo
452,sp|Q0K8K6|MOBA_CUPNH,Mo
453,sp|Q0SS30|MOBA_CLOPS,Mo
454,sp|Q0T2R8|NAPA_SHIF8,Mo
455,sp|Q0TFN6|NAPA_ECOL5,Mo
456,sp|Q0TPG4|MOBA_CLOP1,Mo
457,sp|Q11FK9|MOBA_CHESB,Mo
458,sp|Q12P44|NAPA_SHEDO,Mo
459,sp|Q133M2|MOBA_RHOPS,Mo
460,sp|Q13I15|NAPA_PARXL,Mo
461,sp|Q14CH1|MOCOS_MOUSE,Mo
462,sp|Q16GH0|MOCO1_AEDAE,Mo
463,sp|Q16P87|MOCO2_AEDAE,Mo
464,sp|Q16P90|MOCO3_AEDAE,Mo
465,sp|Q1BXW6|MOBA_BURCA,Mo
466,sp|Q1C231|MOBA_YERPA,Mo
467,sp|Q1C5S8|NAPA_YERPA,Mo
468,sp|Q1CK03|NAPA_YERPN,Mo
469,sp|Q1CN57|MOBA_YERPN,Mo
470,sp|Q1CTA1|MOBA_HELPH,Mo
471,sp|Q1I9D2|MOBA_PSEE4,Mo
472,sp|Q1LKK7|MOBA_CUPMC,Mo
473,sp|Q1MFQ6|MOBA_RHIL3,Mo
474,sp|Q1QIS8|MOBA_NITHX,Mo
475,sp|Q1R9L3|NAPA_ECOUT,Mo
476,sp|Q1RAH1|MSRP_ECOUT,Mo
477,sp|Q21657|MOCOS_CAEEL,Mo
478,sp|Q21AR4|NAPA_RHOPB,Mo
479,sp|Q21PN1|NAPA_SACD2,Mo
480,sp|Q21YF3|MOBA_ALBFT,Mo
481,sp|Q29GM0|MOCOS_DROPS,Mo
482,sp|Q2FEI5|FDHL_STAA3,Mo
483,sp|Q2FEM3|MOBA_STAA3,Mo
484,sp|Q2FVV9|FDHL_STAA8,Mo
485,sp|Q2FVY4|MOBA_STAA8,Mo
486,sp|Q2HE65|MOCOS_CHAGB,Mo
487,sp|Q2IGN2|MSRP_ANADE,Mo
488,sp|Q2IYY0|MOBA_RHOP2,Mo
489,sp|Q2K9I8|MSRP_RHIEC,Mo
490,sp|Q2SGV7|NAPA_HAHCH,Mo
491,sp|Q2UH11|MOCOS_ASPOR,Mo
492,sp|Q2W2Q1|MSRP_MAGSA,Mo
493,sp|Q2W3T1|NAPA_MAGSA,Mo
494,sp|Q2YNR6|MOBA_BRUA2,Mo
495,sp|Q2YYS7|MOBA_STAAB,Mo
496,sp|Q2YYT1|FDHL_STAAB,Mo
497,sp|Q30NY8|MOBA_SULDN,Mo
498,sp|Q31Z29|NAPA_SHIBS,Mo
499,sp|Q32HK5|MSRP_SHIDS,Mo
500,sp|Q32I06|NAPA_SHIDS,Mo
501,sp|Q39I98|MOBA_BURL3,Mo
502,sp|Q3A3H7|MOBA_SYNC1,Mo
503,sp|Q3ADR7|MOBA_CARHZ,Mo
504,sp|Q3BTU8|MOBA_XANC5,Mo
505,sp|Q3HS05|NAPA_PSEST,Mo
506,sp|Q3IRT2|MOBA_NATPD,Mo
507,sp|Q3IZX0|MOBA_CERS4,Mo
508,sp|Q3K955|MOBA_PSEPF,Mo
509,sp|Q3MFS2|MOBA_TRIV2,Mo
510,sp|Q3Z001|NAPA_SHISS,Mo
511,sp|Q3Z0L8|MSRP_SHISS,Mo
512,sp|Q46509|MOP_MEGGA,Mo
513,sp|Q46814|XDHD_ECOLI,Mo
514,sp|Q46RX3|NAPA_CUPPJ,Mo
515,sp|Q46YZ3|MOBA_CUPPJ,Mo
516,sp|Q487G4|NAPA_COLP3,Mo
517,sp|Q48JU8|MOBA_PSE14,Mo
518,sp|Q49ZI7|MOBA_STAS1,Mo
519,sp|Q49ZN0|FDHL_STAS1,Mo
520,sp|Q4L8D3|MOBA_STAHJ,Mo
521,sp|Q4L8G8|FDHL_STAHJ,Mo
522,sp|Q4QM57|MOBA_HAEI8,Mo
523,sp|Q4WPE6|MOCOS_ASPFU,Mo
524,sp|Q4ZUJ4|MOBA_PSEU2,Mo
525,sp|Q54FB7|XDH_DICDI,Mo
526,sp|Q55368|MOEA_SYNY3,Mo
527,sp|Q559G8|MOCOS_DICDI,Mo
528,sp|Q56066|MOEA_SALTY,Mo
529,sp|Q56350|NAPA_PARPN,Mo
530,sp|Q57DG4|MOBA_BRUAB,Mo
531,sp|Q57J91|MSRP_SALCH,Mo
532,sp|Q57M92|NAPA_SALCH,Mo
533,sp|Q58EJ9|MARC1_DANRE,Mo
534,sp|Q59057|MOBA_METJA,Mo
535,sp|Q5E3J6|NAPA_ALIF1,Mo
536,sp|Q5E4Z6|MOBA_ALIF1,Mo
537,sp|Q5FQ05|MSRP_GLUOX,Mo
538,sp|Q5HDP9|FDHL_STAAC,Mo
539,sp|Q5HDT8|MOBA_STAAC,Mo
540,sp|Q5HLY0|MOBA_STAEQ,Mo
541,sp|Q5HT61|MOBA_CAMJR,Mo
542,sp|Q5HV12|NAPA_CAMJR,Mo
543,sp|Q5JIH9|MOBA_THEKO,Mo
544,sp|Q5LNE0|MSRP_RUEPO,Mo
545,sp|Q5N568|MOBA_SYNP6,Mo
546,sp|Q5PI61|NAPA_SALPA,Mo
547,sp|Q5PJV7|MSRP_SALPA,Mo
548,sp|Q5U534|MARC1_XENLA,Mo
549,sp|Q60AK7|MSRP_METCA,Mo
550,sp|Q60HD0|SUOX_MACFA,Mo
551,sp|Q62G98|MSRP_BURMA,Mo
552,sp|Q632S8|MOBA_BACCZ,Mo
553,sp|Q63Q46|MSRP_BURPS,Mo
554,sp|Q655R6|MOCOS_ORYSJ,Mo
555,sp|Q65K78|MOBA_BACLD,Mo
556,sp|Q65QU6|MOBA_MANSM,Mo
557,sp|Q665F0|MSRP_YERPS,Mo
558,sp|Q668I0|NAPA_YERPS,Mo
559,sp|Q67QZ1|NAPA_SYMTH,Mo
560,sp|Q69R21|ALDO4_ORYSJ,Mo
561,sp|Q6AUV1|XDH_ORYSJ,Mo
562,sp|Q6D5Z2|NAPA_PECAS,Mo
563,sp|Q6DAI9|MSRP_PECAS,Mo
564,sp|Q6G711|FDHL_STAAS,Mo
565,sp|Q6G753|MOBA_STAAS,Mo
566,sp|Q6GEC4|FDHL_STAAR,Mo
567,sp|Q6GEG5|MOBA_STAAR,Mo
568,sp|Q6HCB8|MOBA_BACHK,Mo
569,sp|Q6LQY0|MOBA_PHOPR,Mo
570,sp|Q6LTV9|NAPA1_PHOPR,Mo
571,sp|Q72YW2|MOBA_BACC1,Mo
572,sp|Q73XN4|MOBA_MYCPA,Mo
573,sp|Q795Y4|FDHL_BACSU,Mo
574,sp|Q7A057|FDHL_STAAW,Mo
575,sp|Q7MD44|NAPA_VIBVY,Mo
576,sp|Q7MKR2|MOBA_VIBVY,Mo
577,sp|Q7MLQ2|TORA_VIBVY,Mo
578,sp|Q7MR39|MSRP_WOLSU,Mo
579,sp|Q7NZY0|MSRP_CHRVO,Mo
580,sp|Q7QFL7|MOCOS_ANOGA,Mo
581,sp|Q7SE17|MOCOS_NEUCR,Mo
582,sp|Q7UYZ6|MOBA_RHOBA,Mo
583,sp|Q7VJT5|NAPA_HELHP,Mo
584,sp|Q7VKI8|MSRP_HAEDU,Mo
585,sp|Q7VPJ7|NAPA_HAEDU,Mo
586,sp|Q7VY88|MOBA_BORPE,Mo
587,sp|Q7W733|NAPA_BORPA,Mo
588,sp|Q7WIQ1|NAPA_BORBR,Mo
589,sp|Q7XH05|ALDO1_ORYSJ,Mo
590,sp|Q816R1|MOBA_BACCR,Mo
591,sp|Q81KI4|MOBA_BACAN,Mo
592,sp|Q83QV0|NAPA_SHIFL,Mo
593,sp|Q852M1|ALDO2_ORYSJ,Mo
594,sp|Q852M2|ALDO3_ORYSJ,Mo
595,sp|Q87GW6|NAPA_VIBPA,Mo
596,sp|Q87PK5|MOBA_VIBPA,Mo
597,sp|Q87QI7|TORA_VIBPA,Mo
598,sp|Q883K6|MOBA_PSESM,Mo
599,sp|Q888N2|MSRP_PSESM,Mo
600,sp|Q88DZ2|MSRP_PSEPK,Mo
601,sp|Q88HA3|MOBA_PSEPK,Mo
602,sp|Q89EN5|NAPA_BRADU,Mo
603,sp|Q8CNE5|MOBA_STAES,Mo
604,sp|Q8CVW4|NAPA_ECOL6,Mo
605,sp|Q8CVZ3|TORZ_ECOL6,Mo
606,sp|Q8CW73|TORA_ECOL6,Mo
607,sp|Q8D623|NAPA_VIBVU,Mo
608,sp|Q8D8S3|TORA_VIBVU,Mo
609,sp|Q8D9M4|MOBA_VIBVU,Mo
610,sp|Q8E8E3|MOBA_SHEON,Mo
611,sp|Q8EHI9|TORA_SHEON,Mo
612,sp|Q8EIJ1|NAPA_SHEON,Mo
613,sp|Q8FBH7|MOBA_ECOL6,Mo
614,sp|Q8FGI7|MSRP_ECOL6,Mo
615,sp|Q8G0X5|MOBA_BRUSU,Mo
616,sp|Q8GGJ6|AIOA_HERAR,Mo
617,sp|Q8LGM7|MOCOS_SOLLC,Mo
618,sp|Q8NVA4|MOBA_STAAW,Mo
619,sp|Q8PA98|MSRP_XANCP,Mo
620,sp|Q8PLY8|MSRP_XANAC,Mo
621,sp|Q8PTC3|MOBA_METMA,Mo
622,sp|Q8TPD6|MOBA_METAC,Mo
623,sp|Q8U354|MOBA_PYRFU,Mo
624,sp|Q8U7P1|NAPA_AGRFC,Mo
625,sp|Q8UEQ7|MOBA_AGRFC,Mo
626,sp|Q8VL02|NAPA_AGGAC,Mo
627,sp|Q8X6C7|XDHA_ECO57,Mo
628,sp|Q8X6J4|PAOC_ECO57,Mo
629,sp|Q8XB74|MSRP_ECO57,Mo
630,sp|Q8XE47|NAPA_ECO57,Mo
631,sp|Q8XV50|MSRP_RALSO,Mo
632,sp|Q8Y0K5|MOBA_RALSO,Mo
633,sp|Q8YGY5|MOBA_BRUME,Mo
634,sp|Q8YY90|MOBA_NOSS1,Mo
635,sp|Q8Z2M4|TORA_SALTI,Mo
636,sp|Q8Z2R9|MOBA_SALTI,Mo
637,sp|Q8Z570|NAPA_SALTI,Mo
638,sp|Q8ZAW9|MSRP_YERPE,Mo
639,sp|Q8ZCF3|NAPA_YERPE,Mo
640,sp|Q8ZJS4|MOBA_YERPE,Mo
641,sp|Q8ZKU9|MOBA_SALTY,Mo
642,sp|Q8ZKZ7|TORA_SALTY,Mo
643,sp|Q8ZNH6|NAPA_SALTY,Mo
644,sp|Q92PB2|MOBA_RHIME,Mo
645,sp|Q92QE7|MSRP_RHIME,Mo
646,sp|Q92Z36|NAPA_RHIME,Mo
647,sp|Q931G2|FDHL_STAAM,Mo
648,sp|Q933N0|KDHC_PAENI,Mo
649,sp|Q93HX3|NAPA_MAGMG,Mo
650,sp|Q93SF3|MOBA_PEPAC,Mo
651,sp|Q98MK2|MOBA_RHILO,Mo
652,sp|Q99RW4|FDHL_STAAN,Mo
653,sp|Q9A4T2|MSRP_CAUVC,Mo
654,sp|Q9CK41|TORA_PASMU,Mo
655,sp|Q9CKL8|NAPA_PASMU,Mo
656,sp|Q9CN98|MSRP_PASMU,Mo
657,sp|Q9GKW0|MARC2_MACFA,Mo
658,sp|Q9HVA4|MSRP_PSEAE,Mo
659,sp|Q9I4G3|NAPA_PSEAE,Mo
660,sp|Q9JUA5|MOBA_NEIMA,Mo
661,sp|Q9K8I9|MOBA_HALH5,Mo
662,sp|Q9KLR4|NAPA_VIBCH,Mo
663,sp|Q9KRF0|TORA_VIBCH,Mo
664,sp|Q9KRV8|MOBA_VIBCH,Mo
665,sp|Q9PIC3|MSRP_CAMJE,Mo
666,sp|Q9PMU9|MOBA_CAMJE,Mo
667,sp|Q9PPD9|NAPA_CAMJE,Mo
668,sp|Q9RRF6|MSRP_DEIRA,Mo
669,sp|Q9RWM1|MOBA_DEIRA,Mo
670,sp|Q9V0D0|MOBA_PYRAB,Mo
671,sp|Q9WWW0|MOBA_PSEPU,Mo
672,sp|Q9WX94|MOBA_CLOPE,Mo
673,sp|Q9X7K0|MOBA_RHOCA,Mo
674,sp|Q9ZIM7|MOBA_STACT,Mo
675,sp|Q9ZL74|MOBA_HELPJ,Mo
676,sp|A1AI75|FDHD_ECOK1,Mo
677,sp|A1JT32|FDHD_YERE8,Mo
678,sp|A4TGP7|FDHD_YERPP,Mo
679,sp|A6TG86|FDHD_KLEP7,Mo
680,sp|A7FP85|FDHD_YERP3,Mo
681,sp|A7ML56|FDHD_CROS8,Mo
682,sp|A9R4E9|FDHD_YERPG,Mo
683,sp|B1IVI3|FDHD_ECOLC,Mo
684,sp|B1JH20|FDHD_YERPY,Mo
685,sp|B1XB63|FDHD_ECODH,Mo
686,sp|B2K7H2|FDHD_YERPB,Mo
687,sp|B4F0S5|FDHD_PROMH,Mo
688,sp|B4SZY1|FDHD_SALNS,Mo
689,sp|B4TBX1|FDHD_SALHS,Mo
690,sp|B4TPP9|FDHD_SALSV,Mo
691,sp|B4UEZ9|FDHD_ANASK,Mo
692,sp|B5BJF7|FDHD_SALPK,Mo
693,sp|B5F011|FDHD_SALA4,Mo
694,sp|B5FP28|FDHD_SALDC,Mo
695,sp|B5QWX3|FDHD_SALEP,Mo
696,sp|B5RFD4|FDHD_SALG2,Mo
697,sp|B5XZH5|FDHD_KLEP3,Mo
698,sp|B5YZ31|FDHD_ECO5E,Mo
699,sp|B6I4N6|FDHD_ECOSE,Mo
700,sp|B7L9F1|FDHD_ECO55,Mo
701,sp|B7LVF3|FDHD_ESCF3,Mo
702,sp|B7M697|FDHD_ECO8A,Mo
703,sp|B7MI29|FDHD_ECO45,Mo
704,sp|B7MQY8|FDHD_ECO81,Mo
705,sp|B7NFJ6|FDHD_ECOLU,Mo
706,sp|B7NUB4|FDHD_ECO7I,Mo
707,sp|B7UNL4|FDHD_ECO27,Mo
708,sp|B8JDY4|FDHD_ANAD2,Mo
709,sp|C0Q3K3|FDHD_SALPC,Mo
710,sp|C0SP82|YOAE_BACSU,Mo
711,sp|C5A063|FDHD_ECOBW,Mo
712,sp|O27590|FDHD_METTH,Mo
713,sp|O32103|YUIH_BACSU,Mo
714,sp|O34720|YJGC_BACSU,Mo
715,sp|P19916|DCML_PSECH,Mo
716,sp|P28181|FDHD_WOLSU,Mo
717,sp|P37519|YYAE_BACSU,Mo
718,sp|P44449|FDHD_HAEIN,Mo
719,sp|P54934|BISC_CERSP,Mo
720,sp|P57842|FDHD_PASMU,Mo
721,sp|P65407|MOEA_STAAM,Mo
722,sp|P65409|Y2924_MYCBO,Mo
723,sp|P80413|DLAA_AMYME,Mo
724,sp|P80464|Q2OA_COMTE,Mo
725,sp|P99139|MOEA_STAAN,Mo
726,sp|P9WJP8|Y2900_MYCTO,Mo
727,sp|P9WJP9|Y2900_MYCTU,Mo
728,sp|P9WJQ4|MOEA2_MYCTO,Mo
729,sp|P9WJQ6|MOEA1_MYCTO,Mo
730,sp|Q0SZ85|FDHD_SHIF8,Mo
731,sp|Q0TAG5|FDHD_ECOL5,Mo
732,sp|Q1C3I5|FDHD_YERPA,Mo
733,sp|Q1CD96|FDHD_YERPN,Mo
734,sp|Q1R420|FDHD_ECOUT,Mo
735,sp|Q2IP67|FDHD_ANADE,Mo
736,sp|Q31U98|FDHD_SHIBS,Mo
737,sp|Q32A65|FDHD_SHIDS,Mo
738,sp|Q3YV81|FDHD_SHISS,Mo
739,sp|Q44243|MOEA_NOSS1,Mo
740,sp|Q4QPN9|FDHD_HAEI8,Mo
741,sp|Q56207|MOEA_SYNE7,Mo
742,sp|Q57743|FDHD_METJA,Mo
743,sp|Q57HH9|FDHD_SALCH,Mo
744,sp|Q5HDT4|MOEA_STAAC,Mo
745,sp|Q5HLX6|MOEA_STAEQ,Mo
746,sp|Q5PKG0|FDHD_SALPA,Mo
747,sp|Q60314|Y006_METJA,Mo
748,sp|Q65U60|FDHD_MANSM,Mo
749,sp|Q663U8|FDHD_YERPS,Mo
750,sp|Q6FB19|FDHD_ACIAD,Mo
751,sp|Q6G749|MOEA_STAAS,Mo
752,sp|Q6GEG1|MOEA_STAAR,Mo
753,sp|Q6L080|FDHD_PICTO,Mo
754,sp|Q71WJ5|FDHD_LISMF,Mo
755,sp|Q7MY11|FDHD_PHOLL,Mo
756,sp|Q83PE5|FDHD_SHIFL,Mo
757,sp|Q83RF3|YDEP_SHIFL,Mo
758,sp|Q8CNE1|MOEA_STAES,Mo
759,sp|Q8EKI6|FDHD_SHEON,Mo
760,sp|Q8FBE5|FDHD_ECOL6,Mo
761,sp|Q8FHF8|YDEP_ECOL6,Mo
762,sp|Q8FS66|FDHD_COREF,Mo
763,sp|Q8NVA1|MOEA_STAAW,Mo
764,sp|Q8X8B5|FDHD_ECO57,Mo
765,sp|Q8XAX1|YDEP_ECO57,Mo
766,sp|Q8XD64|XDHD_ECO57,Mo
767,sp|Q8Y471|FDHD_LISMO,Mo
768,sp|Q8Z2U7|FDHD_SALTI,Mo
769,sp|Q8Z9X7|FDHD_YERPE,Mo
770,sp|Q8ZKS7|FDHD_SALTY,Mo
771,sp|Q927Q9|FDHD_LISIN,Mo
772,sp|Q9HL17|FDHD_THEAC,Mo
773,sp|Q9K9W8|FDHD_HALH5,Mo
0,sp|Q71EW5|AHY_SYNAC,W
1,sp|Q727P3|FDNGA_DESVH,W
2,sp|Q8U3K2|GAPOR_PYRFU,W
3,sp|Q934F5|FDHA_MEGGA,W
4,sp|Q51739|AOR_PYRFU,W
5,sp|Q56303|FOR_THELN,W
6,sp|P76192|YDHV_ECOLI,W
7,tr|A0A075LUV4|A0A075LUV4_9EURY,W
8,tr|A0A075LVM4|A0A075LVM4_9EURY,W
9,tr|A0A075LW20|A0A075LW20_9EURY,W
10,tr|A0A097QU58|A0A097QU58_9EURY,W
11,tr|A0A097QUE6|A0A097QUE6_9EURY,W
12,tr|A0A097QWD5|A0A097QWD5_9EURY,W
13,tr|A0A0P8XBJ6|A0A0P8XBJ6_9EURY,W
14,tr|A0A0P8XP23|A0A0P8XP23_9EURY,W
15,tr|A0A0P8XQL6|A0A0P8XQL6_9EURY,W
16,tr|A0A0P8ZBK4|A0A0P8ZBK4_9EURY,W
17,tr|A0A0P8ZX75|A0A0P8ZX75_9EURY,W
18,tr|A0A0Q2S1S9|A0A0Q2S1S9_9EURY,W
19,tr|A0A0S1X888|A0A0S1X888_THEBA,W
20,tr|A0A0S1XAU8|A0A0S1XAU8_THEBA,W
21,tr|A0A0S1XCJ7|A0A0S1XCJ7_THEBA,W
22,tr|A0A0S1XFB6|A0A0S1XFB6_THEBA,W
23,tr|A0A0U2Z6J8|A0A0U2Z6J8_9EURY,W
24,tr|A0A0U3RVU6|A0A0U3RVU6_9EURY,W
25,tr|A0A0U3SX85|A0A0U3SX85_9EURY,W
26,tr|A0A0X1KIF3|A0A0X1KIF3_9EURY,W
27,tr|A0A0X1KIJ0|A0A0X1KIJ0_9EURY,W
28,tr|A0A0X1KKH1|A0A0X1KKH1_9EURY,W
29,tr|A0A100XWI1|A0A100XWI1_9EURY,W
30,tr|A0A100XY54|A0A100XY54_9EURY,W
31,tr|A0A101EMD4|A0A101EMD4_9EURY,W
32,tr|A0A101EMF5|A0A101EMF5_9EURY,W
33,tr|A0A101ENG9|A0A101ENG9_9EURY,W
34,tr|A0A101F1T5|A0A101F1T5_9EURY,W
35,tr|A0A117KPR6|A0A117KPR6_9EURY,W
36,tr|A0A117KPR8|A0A117KPR8_9EURY,W
37,tr|A0A117L1Y8|A0A117L1Y8_9EURY,W
38,tr|A0A117L218|A0A117L218_9EURY,W
39,tr|A0A117L6X2|A0A117L6X2_9EURY,W
40,tr|A0A124EB52|A0A124EB52_9EURY,W
41,tr|A0A124FFJ9|A0A124FFJ9_9EURY,W
42,tr|A0A127B8T9|A0A127B8T9_9EURY,W
43,tr|A0A127BA68|A0A127BA68_9EURY,W
44,tr|A0A142CSR9|A0A142CSR9_9EURY,W
45,tr|A0A142CU59|A0A142CU59_9EURY,W
46,tr|A0A142CX95|A0A142CX95_9EURY,W
47,tr|A0A142CX96|A0A142CX96_9EURY,W
48,tr|A0A142CXA2|A0A142CXA2_9EURY,W
49,tr|A0A142CXE5|A0A142CXE5_9EURY,W
50,tr|A0A160VQ08|A0A160VQ08_9EURY,W
51,tr|A0A160VTE7|A0A160VTE7_9EURY,W
52,tr|A0A160VUI5|A0A160VUI5_9EURY,W
53,tr|A0A172WFR4|A0A172WFR4_9EURY,W
54,tr|A0A172WI77|A0A172WI77_9EURY,W
55,tr|A0A172WJK3|A0A172WJK3_9EURY,W
56,tr|A0A1I0MMK8|A0A1I0MMK8_9EURY,W
57,tr|A0A1I0N2D0|A0A1I0N2D0_9EURY,W
58,tr|A0A1I0NSU4|A0A1I0NSU4_9EURY,W
59,tr|A0A1Z2TKN0|A0A1Z2TKN0_9EURY,W
60,tr|A0A1Z2TLH1|A0A1Z2TLH1_9EURY,W
61,tr|A0A1Z2TM77|A0A1Z2TM77_9EURY,W
62,tr|A0A1Z2TP74|A0A1Z2TP74_9EURY,W
63,tr|A0A1Z2TQB7|A0A1Z2TQB7_9EURY,W
64,tr|A0A218NZN0|A0A218NZN0_THECE,W
65,tr|A0A218P0U6|A0A218P0U6_THECE,W
66,tr|A0A218P495|A0A218P495_THECE,W
67,tr|A0A218P4V0|A0A218P4V0_THECE,W
68,tr|A0A218P6E1|A0A218P6E1_9EURY,W
69,tr|A0A218P7N1|A0A218P7N1_9EURY,W
70,tr|A0A218P7Z3|A0A218P7Z3_9EURY,W
71,tr|A0A218PA87|A0A218PA87_9EURY,W
72,tr|A0A218PBM1|A0A218PBM1_9EURY,W
73,tr|A0A218PE48|A0A218PE48_9EURY,W
74,tr|A0A218PEQ5|A0A218PEQ5_9EURY,W
75,tr|A0A2Z2M7V9|A0A2Z2M7V9_THEPR,W
76,tr|A0A2Z2M9E5|A0A2Z2M9E5_THEPR,W
77,tr|A0A2Z2M9N5|A0A2Z2M9N5_THEGO,W
78,tr|A0A2Z2MAS7|A0A2Z2MAS7_THEPR,W
79,tr|A0A2Z2MAV0|A0A2Z2MAV0_THEGO,W
80,tr|A0A2Z2MDN7|A0A2Z2MDN7_THEGO,W
81,tr|A0A2Z2ME17|A0A2Z2ME17_9EURY,W
82,tr|A0A2Z2ME79|A0A2Z2ME79_THEPR,W
83,tr|A0A2Z2MEQ3|A0A2Z2MEQ3_THEGO,W
84,tr|A0A2Z2MF19|A0A2Z2MF19_THEPR,W
85,tr|A0A2Z2MI11|A0A2Z2MI11_9EURY,W
86,tr|A0A2Z2MKS8|A0A2Z2MKS8_9EURY,W
87,tr|A0A2Z2MLF9|A0A2Z2MLF9_9EURY,W
88,tr|A0A2Z2MLN3|A0A2Z2MLN3_9EURY,W
89,tr|A0A2Z2MRI6|A0A2Z2MRI6_9EURY,W
90,tr|A0A2Z2MS96|A0A2Z2MS96_9EURY,W
91,tr|A0A2Z2MSE4|A0A2Z2MSE4_9EURY,W
92,tr|A0A2Z2MXX9|A0A2Z2MXX9_9EURY,W
93,tr|A0A2Z2N0D6|A0A2Z2N0D6_9EURY,W
94,tr|A0A2Z2N1U0|A0A2Z2N1U0_9EURY,W
95,tr|A0A2Z2N3D3|A0A2Z2N3D3_9EURY,W
96,tr|A0A2Z2N8C5|A0A2Z2N8C5_9EURY,W
97,tr|A0A2Z2N8X3|A0A2Z2N8X3_9EURY,W
98,tr|A0A497HZ76|A0A497HZ76_9EURY,W
99,tr|A0A497I1R6|A0A497I1R6_9EURY,W
100,tr|A0A497I1Z0|A0A497I1Z0_9EURY,W
101,tr|A0A4Y5SJ12|A0A4Y5SJ12_9EURY,W
102,tr|A0A4Y5SJR5|A0A4Y5SJR5_9EURY,W
103,tr|A0A4Y5SNM4|A0A4Y5SNM4_9EURY,W
104,tr|A0A4Y5SNM9|A0A4Y5SNM9_9EURY,W
105,tr|A0A5C0SH70|A0A5C0SH70_9EURY,W
106,tr|A0A5C0SND0|A0A5C0SND0_9EURY,W
107,tr|A0A5C0SNR4|A0A5C0SNR4_9EURY,W
108,tr|A0A5C0SPG8|A0A5C0SPG8_9EURY,W
109,tr|A0A5C0XMD6|A0A5C0XMD6_PYRFU,W
110,tr|A0A5C0XQP0|A0A5C0XQP0_PYRFU,W
111,tr|A0A5C0XQU4|A0A5C0XQU4_PYRFU,W
112,tr|A0A5C0XSM9|A0A5C0XSM9_PYRFU,W
113,tr|A0A662MRQ7|A0A662MRQ7_9EURY,W
114,tr|A0A662MSY8|A0A662MSY8_9EURY,W
115,tr|A0A662MV96|A0A662MV96_9EURY,W
116,tr|A0A662MWE0|A0A662MWE0_9EURY,W
117,tr|A0A662MX53|A0A662MX53_9EURY,W
118,tr|A0A662MYI8|A0A662MYI8_9EURY,W
119,tr|A0A662N1C5|A0A662N1C5_9EURY,W
120,tr|A0A662N2L8|A0A662N2L8_9EURY,W
121,tr|A0A662N600|A0A662N600_9EURY,W
122,tr|A0A662NCI1|A0A662NCI1_9EURY,W
123,tr|A0A662NCR4|A0A662NCR4_9EURY,W
124,tr|A0A662NCW1|A0A662NCW1_9EURY,W
125,tr|A0A662ND99|A0A662ND99_9EURY,W
126,tr|A0A662NEI3|A0A662NEI3_9EURY,W
127,tr|A0A662NEJ6|A0A662NEJ6_9EURY,W
128,tr|A0A662NG01|A0A662NG01_9EURY,W
129,tr|A0A662NH78|A0A662NH78_9EURY,W
130,tr|A0A662NK22|A0A662NK22_9EURY,W
131,tr|A0A662NMM3|A0A662NMM3_9EURY,W
132,tr|A0A662NPQ8|A0A662NPQ8_9EURY,W
133,tr|A0A662NRP7|A0A662NRP7_9EURY,W
134,tr|A0A662NRY9|A0A662NRY9_9EURY,W
135,tr|A0A662NW75|A0A662NW75_9EURY,W
136,tr|A0A662NXH1|A0A662NXH1_9EURY,W
137,tr|A0A662P0N7|A0A662P0N7_9EURY,W
138,tr|A0A662P1I5|A0A662P1I5_9EURY,W
139,tr|A0A662P488|A0A662P488_9EURY,W
140,tr|A0A662P4C4|A0A662P4C4_9EURY,W
141,tr|A0A662PAQ1|A0A662PAQ1_9EURY,W
142,tr|A0A662PAW8|A0A662PAW8_9EURY,W
143,tr|A0A662PC14|A0A662PC14_9EURY,W
144,tr|A0A662PC28|A0A662PC28_9EURY,W
145,tr|A0A662PF45|A0A662PF45_9EURY,W
146,tr|A0A662PHP6|A0A662PHP6_9EURY,W
147,tr|A0A6A7KF15|A0A6A7KF15_9EURY,W
148,tr|A0A6A7KJ35|A0A6A7KJ35_9EURY,W
149,tr|A0A7C0UPX8|A0A7C0UPX8_9EURY,W
150,tr|A0A7C0Y0V1|A0A7C0Y0V1_THELI,W
151,tr|A0A7C0Y2E4|A0A7C0Y2E4_THELI,W
152,tr|A0A7C1LYM7|A0A7C1LYM7_9EURY,W
153,tr|A0A7C1M8U5|A0A7C1M8U5_9EURY,W
154,tr|A0A7C5JXK8|A0A7C5JXK8_THELI,W
155,tr|A0A7C5NVK1|A0A7C5NVK1_THELI,W
156,tr|A0A7G2D5M9|A0A7G2D5M9_9EURY,W
157,tr|A0A7G2D8M3|A0A7G2D8M3_9EURY,W
158,tr|A0A7G2D8N2|A0A7G2D8N2_9EURY,W
159,tr|A0A831JY94|A0A831JY94_9EURY,W
160,tr|A0A832S3J2|A0A832S3J2_9EURY,W
161,tr|A0A832SLL9|A0A832SLL9_PYRHR,W
162,tr|A0A832SP96|A0A832SP96_9EURY,W
163,tr|A0A832SYG6|A0A832SYG6_PYRHR,W
164,tr|A0A832SZR7|A0A832SZR7_PYRHR,W
165,tr|A0A832T123|A0A832T123_9EURY,W
166,tr|A0A832T6T1|A0A832T6T1_PYRHR,W
167,tr|A0A832VRY4|A0A832VRY4_9EURY,W
168,tr|A0A832W8K9|A0A832W8K9_PYRHR,W
169,tr|A0A832WJF7|A0A832WJF7_9EURY,W
170,tr|A0A832Z5L6|A0A832Z5L6_9EURY,W
171,tr|A0A832ZF00|A0A832ZF00_9EURY,W
172,tr|A0A832ZHH7|A0A832ZHH7_9EURY,W
173,tr|A0A842KZN5|A0A842KZN5_9EURY,W
174,tr|A0A842L098|A0A842L098_9EURY,W
175,tr|A0A842L0R6|A0A842L0R6_9EURY,W
176,tr|A0A842L2I5|A0A842L2I5_9EURY,W
177,tr|A0A842L3V9|A0A842L3V9_9EURY,W
178,tr|A0A8J8A1X8|A0A8J8A1X8_9EURY,W
179,tr|A0A8J8A1Z3|A0A8J8A1Z3_9EURY,W
180,tr|A0A8J8A3Y7|A0A8J8A3Y7_9EURY,W
181,tr|A0A8J8A9V7|A0A8J8A9V7_9EURY,W
182,tr|A0A8J8AA61|A0A8J8AA61_9EURY,W
183,tr|A0A8J8ABP2|A0A8J8ABP2_9EURY,W
184,tr|A0A8J8ADC4|A0A8J8ADC4_9EURY,W
185,tr|A0A8J8AKT0|A0A8J8AKT0_9EURY,W
186,tr|A0A8J8AMC5|A0A8J8AMC5_9EURY,W
187,tr|A0A8J8AMG4|A0A8J8AMG4_9EURY,W
188,tr|A0A8J8D5W7|A0A8J8D5W7_9EURY,W
189,tr|A0A8J8D660|A0A8J8D660_9EURY,W
190,tr|A0A8J8D6N6|A0A8J8D6N6_9EURY,W
191,tr|A0A8J8D7X3|A0A8J8D7X3_9EURY,W
192,tr|A0A8J8DBD8|A0A8J8DBD8_9EURY,W
193,tr|A0A8J8DBL8|A0A8J8DBL8_9EURY,W
194,tr|A0A8J8DFC8|A0A8J8DFC8_9EURY,W
195,tr|A0A8J8DK47|A0A8J8DK47_9EURY,W
196,tr|A0A8J8DK81|A0A8J8DK81_9EURY,W
197,tr|A0A8J8DKE8|A0A8J8DKE8_9EURY,W
198,tr|A0A8J8DLS1|A0A8J8DLS1_9EURY,W
199,tr|A0A8J8DLU1|A0A8J8DLU1_9EURY,W
200,tr|A0A8J8DMC1|A0A8J8DMC1_9EURY,W
201,tr|A0A8J8DPI8|A0A8J8DPI8_9EURY,W
202,tr|A0A8J8DPT2|A0A8J8DPT2_9EURY,W
203,tr|A0A8J8DPY2|A0A8J8DPY2_9EURY,W
204,tr|A0A8J8DRK9|A0A8J8DRK9_9EURY,W
205,tr|A0A8J8DSH4|A0A8J8DSH4_9EURY,W
206,tr|A0A8J8DSL8|A0A8J8DSL8_9EURY,W
207,tr|A0A8J8DTL2|A0A8J8DTL2_9EURY,W
208,tr|A0A8J8DUP1|A0A8J8DUP1_9EURY,W
209,tr|A0A8J8DVJ4|A0A8J8DVJ4_9EURY,W
210,tr|A0A8J8DWE8|A0A8J8DWE8_9EURY,W
211,tr|A0A8J8DWN6|A0A8J8DWN6_9EURY,W
212,tr|A0A8J8DZY6|A0A8J8DZY6_9EURY,W
213,tr|A0A8J8E0B1|A0A8J8E0B1_9EURY,W
214,tr|A0A8J8E4A9|A0A8J8E4A9_9EURY,W
215,tr|A0A8J8E4G6|A0A8J8E4G6_9EURY,W
216,tr|A0A8J8E593|A0A8J8E593_9EURY,W
217,tr|A0A8J8E9K4|A0A8J8E9K4_9EURY,W
218,tr|A0A8J8EAU5|A0A8J8EAU5_9EURY,W
219,tr|A0A8J8EEC1|A0A8J8EEC1_9EURY,W
220,tr|A0A8J8EF56|A0A8J8EF56_9EURY,W
221,tr|A0A8J8EFD5|A0A8J8EFD5_9EURY,W
222,tr|A0A8J8EFQ1|A0A8J8EFQ1_9EURY,W
223,tr|A0A8J8EIJ3|A0A8J8EIJ3_9EURY,W
224,tr|A0A8J8EIR2|A0A8J8EIR2_9EURY,W
225,tr|A0A8J8EJ66|A0A8J8EJ66_9EURY,W
226,tr|A0A8J8EJL1|A0A8J8EJL1_9EURY,W
227,tr|A0A8J8EMC7|A0A8J8EMC7_9EURY,W
228,tr|A0A8J8EPA7|A0A8J8EPA7_9EURY,W
229,tr|A0A8J8EQ92|A0A8J8EQ92_9EURY,W
230,tr|A0A8J8ERX8|A0A8J8ERX8_9EURY,W
231,tr|A0A8J8ESQ7|A0A8J8ESQ7_9EURY,W
232,tr|A0A8J8EU79|A0A8J8EU79_9EURY,W
233,tr|A0A8J8EZD2|A0A8J8EZD2_9EURY,W
234,tr|A0A8J8F0E0|A0A8J8F0E0_9EURY,W
235,tr|A0A8J8F3C5|A0A8J8F3C5_9EURY,W
236,tr|A0A8J8IRR1|A0A8J8IRR1_9EURY,W
237,tr|A0A8J8IT96|A0A8J8IT96_9EURY,W
238,tr|A0A8J8ITD8|A0A8J8ITD8_9EURY,W
239,tr|A0A8J8IVH8|A0A8J8IVH8_9EURY,W
240,tr|A0A8J8IVS6|A0A8J8IVS6_9EURY,W
241,tr|A0A8J8IX15|A0A8J8IX15_9EURY,W
242,tr|A0A8J8J155|A0A8J8J155_9EURY,W
243,tr|A0A8J8J297|A0A8J8J297_9EURY,W
244,tr|A0A8J8J5L0|A0A8J8J5L0_9EURY,W
245,tr|A0A8J8J6U1|A0A8J8J6U1_9EURY,W
246,tr|A0A8J8J810|A0A8J8J810_9EURY,W
247,tr|A0A8J8JAG6|A0A8J8JAG6_9EURY,W
248,tr|A0A8J8JAT2|A0A8J8JAT2_9EURY,W
249,tr|A0A8J8JFD9|A0A8J8JFD9_9EURY,W
250,tr|A0A8J8JGF8|A0A8J8JGF8_9EURY,W
251,tr|A0A8J8JGR4|A0A8J8JGR4_9EURY,W
252,tr|A0A8J8JJQ3|A0A8J8JJQ3_9EURY,W
253,tr|B6YTP2|B6YTP2_THEON,W
254,tr|B6YVF9|B6YVF9_THEON,W
255,tr|B6YVH3|B6YVH3_THEON,W
256,tr|B6YXN1|B6YXN1_THEON,W
257,tr|B7R005|B7R005_9EURY,W
258,tr|B7R233|B7R233_9EURY,W
259,tr|B7R3D3|B7R3D3_9EURY,W
260,tr|C5A1G5|C5A1G5_THEGJ,W
261,tr|C5A1Z6|C5A1Z6_THEGJ,W
262,tr|C6A1P7|C6A1P7_THESM,W
263,tr|C6A370|C6A370_THESM,W
264,tr|C6A3J2|C6A3J2_THESM,W
265,tr|C6A4X5|C6A4X5_THESM,W
266,tr|C6A4Y2|C6A4Y2_THESM,W
267,tr|C6A4Y4|C6A4Y4_THESM,W
268,tr|E7FHG8|E7FHG8_PYRFU,W
269,tr|E7FHH1|E7FHH1_PYRFU,W
270,tr|F0LHH1|F0LHH1_THEBM,W
271,tr|F0LLB4|F0LLB4_THEBM,W
272,tr|F0LM96|F0LM96_THEBM,W
273,tr|F4HJG2|F4HJG2_PYRSN,W
274,tr|F4HKW4|F4HKW4_PYRSN,W
275,tr|F4HL83|F4HL83_PYRSN,W
276,tr|F8AEB6|F8AEB6_PYRYC,W
277,tr|F8AHU3|F8AHU3_PYRYC,W
278,tr|F8AIL0|F8AIL0_PYRYC,W
279,tr|G0HKT9|G0HKT9_THES4,W
280,tr|G0HMR2|G0HMR2_THES4,W
281,tr|G0HPC4|G0HPC4_THES4,W
282,tr|G0HPJ0|G0HPJ0_THES4,W
283,tr|G8ZFL1|G8ZFL1_PYRAB,W
284,tr|G8ZG95|G8ZG95_PYRAB,W
285,tr|H3ZKR0|H3ZKR0_THELN,W
286,tr|H3ZRD4|H3ZRD4_THELN,W
287,tr|I3RBT7|I3RBT7_9EURY,W
288,tr|I3RE00|I3RE00_9EURY,W
289,tr|I3REV2|I3REV2_9EURY,W
290,tr|I3ZRW7|I3ZRW7_THECF,W
291,tr|I3ZV13|I3ZV13_THECF,W
292,tr|I3ZWP4|I3ZWP4_THECF,W
293,tr|I6U7K1|I6U7K1_9EURY,W
294,tr|I6UX53|I6UX53_9EURY,W
295,tr|I6V105|I6V105_9EURY,W
296,tr|I6V2C3|I6V2C3_9EURY,W
297,tr|O57750|O57750_PYRHO,W
298,tr|O58641|O58641_PYRHO,W
299,tr|O58642|O58642_PYRHO,W
300,sp|O58778|AOR_PYRHO,W
301,tr|O74007|O74007_PYRHO,W
302,tr|O93736|O93736_9EURY,W
303,tr|O93737|O93737_9EURY,W
304,tr|O93738|O93738_9EURY,W
305,sp|P61154|FWDB_METJA,W
306,sp|Q5JE15|AOR_THEKO,W
307,tr|Q5JEI3|Q5JEI3_THEKO,W
308,tr|Q5JI10|Q5JI10_THEKO,W
309,sp|Q6LWL8|FWDB_METMP,W
310,tr|Q8U1K3|Q8U1K3_PYRFU,W
311,tr|Q9UZE9|Q9UZE9_PYRAB,W
312,sp|Q9V035|AOR_PYRAB,W
313,tr|Q9V1N1|Q9V1N1_PYRAB,W
314,tr|Q9V2P2|Q9V2P2_PYRAB,W
315,tr|W0I0B9|W0I0B9_9EURY,W
316,tr|W0I267|W0I267_9EURY,W
317,tr|W0I3V9|W0I3V9_9EURY,W
318,tr|W8NRN4|W8NRN4_9EURY,W
319,tr|W8P1F1|W8P1F1_9EURY,W
320,tr|W8P7Q2|W8P7Q2_9EURY,W
321,tr|A0A075LVK2|A0A075LVK2_9EURY,W
322,tr|A0A097QRM3|A0A097QRM3_9EURY,W
323,tr|A0A0P8X9D8|A0A0P8X9D8_9EURY,W
324,tr|A0A0Q2M5S4|A0A0Q2M5S4_9EURY,W
325,tr|A0A0Q2MP13|A0A0Q2MP13_9EURY,W
326,tr|A0A0S1XE67|A0A0S1XE67_THEBA,W
327,tr|A0A0U3SF57|A0A0U3SF57_9EURY,W
328,tr|A0A0X1KJS4|A0A0X1KJS4_9EURY,W
329,tr|A0A100XYG4|A0A100XYG4_9EURY,W
330,tr|A0A101DNQ6|A0A101DNQ6_9EURY,W
331,tr|A0A101ELD6|A0A101ELD6_9EURY,W
332,tr|A0A101EZS7|A0A101EZS7_9EURY,W
333,tr|A0A117ISV7|A0A117ISV7_9EURY,W
334,tr|A0A117L644|A0A117L644_9EURY,W
335,tr|A0A127B7R9|A0A127B7R9_9EURY,W
336,tr|A0A142CUR9|A0A142CUR9_9EURY,W
337,tr|A0A160VT44|A0A160VT44_9EURY,W
338,tr|A0A160VU81|A0A160VU81_9EURY,W
339,tr|A0A172WGH6|A0A172WGH6_9EURY,W
340,tr|A0A1Z2TNQ9|A0A1Z2TNQ9_9EURY,W
341,tr|A0A218P2S8|A0A218P2S8_THECE,W
342,tr|A0A218P5Q4|A0A218P5Q4_9EURY,W
343,tr|A0A218PCF3|A0A218PCF3_9EURY,W
344,tr|A0A2Z2M814|A0A2Z2M814_THEPR,W
345,tr|A0A2Z2M8G2|A0A2Z2M8G2_THEGO,W
346,tr|A0A2Z2MKU0|A0A2Z2MKU0_9EURY,W
347,tr|A0A2Z2MMZ8|A0A2Z2MMZ8_9EURY,W
348,tr|A0A2Z2N230|A0A2Z2N230_9EURY,W
349,tr|A0A4Y5SMN8|A0A4Y5SMN8_9EURY,W
350,tr|A0A5C0SND6|A0A5C0SND6_9EURY,W
351,tr|A0A5C0XMU3|A0A5C0XMU3_PYRFU,W
352,tr|A0A662N025|A0A662N025_9EURY,W
353,tr|A0A662N543|A0A662N543_9EURY,W
354,tr|A0A662NJS5|A0A662NJS5_9EURY,W
355,tr|A0A662NUD0|A0A662NUD0_9EURY,W
356,tr|A0A662PDA1|A0A662PDA1_9EURY,W
357,tr|A0A6A7KFH7|A0A6A7KFH7_9EURY,W
358,tr|A0A7C1QZX8|A0A7C1QZX8_9EURY,W
359,tr|A0A7C5NZB4|A0A7C5NZB4_THELI,W
360,tr|A0A7G2DAZ2|A0A7G2DAZ2_9EURY,W
361,tr|A0A832S415|A0A832S415_9EURY,W
362,tr|A0A832SRR4|A0A832SRR4_9EURY,W
363,tr|A0A832T8V2|A0A832T8V2_PYRHR,W
364,tr|A0A832W3V5|A0A832W3V5_9EURY,W
365,tr|A0A833E1G3|A0A833E1G3_9EURY,W
366,tr|A0A842L2B2|A0A842L2B2_9EURY,W
367,tr|A0A8J8AH66|A0A8J8AH66_9EURY,W
368,tr|A0A8J8AKR7|A0A8J8AKR7_9EURY,W
369,tr|A0A8J8D3S2|A0A8J8D3S2_9EURY,W
370,tr|A0A8J8D674|A0A8J8D674_9EURY,W
371,tr|A0A8J8D7H8|A0A8J8D7H8_9EURY,W
372,tr|A0A8J8DH58|A0A8J8DH58_9EURY,W
373,tr|A0A8J8DJP4|A0A8J8DJP4_9EURY,W
374,tr|A0A8J8DNS1|A0A8J8DNS1_9EURY,W
375,tr|A0A8J8DRY7|A0A8J8DRY7_9EURY,W
376,tr|A0A8J8DY38|A0A8J8DY38_9EURY,W
377,tr|A0A8J8E649|A0A8J8E649_9EURY,W
378,tr|A0A8J8E863|A0A8J8E863_9EURY,W
379,tr|A0A8J8ECM7|A0A8J8ECM7_9EURY,W
380,tr|A0A8J8ELB9|A0A8J8ELB9_9EURY,W
381,tr|A0A8J8F1M0|A0A8J8F1M0_9EURY,W
382,tr|A0A8J8J487|A0A8J8J487_9EURY,W
383,tr|A0A8J8JBP9|A0A8J8JBP9_9EURY,W
384,tr|A0A8J8JGS5|A0A8J8JGS5_9EURY,W
385,tr|A0A8J8JIF2|A0A8J8JIF2_9EURY,W
386,tr|B6YTP7|B6YTP7_THEON,W
387,tr|B7R3I5|B7R3I5_9EURY,W
388,tr|C5A312|C5A312_THEGJ,W
389,tr|C5A4S4|C5A4S4_THEGJ,W
390,tr|C6A542|C6A542_THESM,W
391,tr|F0LKH4|F0LKH4_THEBM,W
392,tr|F4HMZ9|F4HMZ9_PYRSN,W
393,tr|F8AIC1|F8AIC1_PYRYC,W
394,tr|G0HLL0|G0HLL0_THES4,W
395,tr|H3ZMW1|H3ZMW1_THELN,W
396,tr|I3RDD2|I3RDD2_9EURY,W
397,tr|I3ZUM5|I3ZUM5_THECF,W
398,tr|I6UZU7|I6UZU7_9EURY,W
399,tr|O58218|O58218_PYRHO,W
400,tr|Q5JHJ4|Q5JHJ4_THEKO,W
401,tr|Q9UYC8|Q9UYC8_PYRAB,W
402,tr|W0I552|W0I552_9EURY,W
403,tr|W8P7L5|W8P7L5_9EURY,W
